,ID,fake_news,text
0,1.0,1.0,"[ 4.8607201e-04  1.5908554e-03 -3.9018563e-05  1.1772498e-03
  1.6194133e-03  9.0949365e-04 -1.3309802e-03  6.7561551e-04
  1.5030502e-03  1.3088550e-03  8.3219155e-04 -7.4351911e-04
  5.8030774e-04  9.9333539e-04  6.6195353e-04  3.6186393e-04
 -6.1391824e-04 -3.2924101e-04  1.7212229e-03 -3.6514222e-04
  1.6321173e-03  1.0964875e-03  4.4528150e-04  3.8726421e-04
 -1.3481784e-03 -5.6163705e-04 -1.3370566e-03 -1.3852225e-03
  1.2141198e-03  3.6146320e-04 -1.6202414e-04  2.2571695e-04
 -1.5505060e-03  5.3924898e-04 -1.0835448e-03 -2.6652328e-04
 -6.1122788e-04 -1.7217699e-04 -4.2010235e-04  3.8627273e-04
  5.4316671e-04 -5.0104578e-04 -5.9005886e-04 -1.0572871e-03
  8.3958288e-04  1.1198639e-03  1.6149750e-03 -9.9637650e-04
 -4.8430989e-04 -9.1674569e-04  6.2115345e-04  1.4544760e-03
  4.4256609e-04  2.0598207e-04 -7.0095662e-04  1.2308699e-03
  1.1106100e-03  4.9730728e-04  1.5789075e-03 -8.0962747e-04
  1.1004683e-03 -4.9973900e-05 -9.3297422e-06  4.2845233e-04
 -6.8028050e-04  1.1951342e-03  1.2399814e-03  1.3189608e-03
  8.6105650e-04 -9.4359805e-04 -1.0020729e-03 -1.0834030e-05
 -4.6582667e-05 -6.9136178e-04  7.3884986e-04  9.4143546e-04
 -1.0226504e-03 -1.1197964e-03 -1.5654176e-03  3.3838318e-05
 -9.7107369e-04  9.9468336e-04  4.6750365e-04  9.9282333e-05
  1.2977741e-03 -8.6851366e-04 -1.0119983e-03  8.4721146e-04
  8.8657398e-04 -1.5357519e-03  1.7443651e-03 -9.4439992e-04
  1.4251231e-03 -6.0628587e-04 -3.8906391e-04 -2.1504947e-04
  7.7259197e-04  7.1444921e-04  1.3390809e-03 -5.4476981e-04
 -9.0301246e-04 -1.4166830e-03  9.2838821e-04 -3.6481462e-04
  5.5921072e-04 -4.3396567e-04  1.3279343e-04 -1.0643963e-03
 -1.2095503e-03 -1.6750980e-03  1.4826321e-04 -5.3213706e-04
  1.2386553e-03  1.5573058e-03  9.6049049e-04 -3.5912165e-04
 -2.8191213e-04 -6.4802181e-05 -1.5306949e-03  1.1686680e-03
  8.1644353e-04  1.2416720e-03  1.4819603e-03 -1.2144905e-03
  1.6662430e-03  1.3364365e-05 -4.7456389e-04  1.7119855e-05
  1.3004268e-03  7.0599077e-04  2.0513323e-04  6.1059068e-04
  2.4109318e-06  1.0258771e-03  8.6856040e-04 -8.6393098e-05
 -1.2769423e-03  1.2330988e-03 -1.4432926e-03 -9.3374390e-04
  9.0724224e-04  1.3316099e-03 -1.0452645e-03 -3.7191369e-04
  6.4281945e-04  2.5925974e-04  9.7463815e-04  3.0522965e-04
 -1.4728609e-03  1.1572220e-03 -7.2765700e-04 -1.0002760e-03
  1.2934456e-03  2.2118293e-04 -5.4545130e-04 -1.5323908e-03
  1.4917224e-03 -6.8826653e-04 -6.5151093e-05  7.1071314e-05
 -1.0413990e-03 -9.3085296e-04  1.0679824e-03 -1.2343077e-03
  6.6278408e-05 -1.6312918e-03  2.7635752e-04  5.7885067e-05
 -1.7719195e-04 -1.1251804e-03 -4.0614340e-04 -1.5898010e-03
  1.7176317e-03  4.5875491e-05  6.4763641e-05 -1.4359363e-03
  1.0603821e-03 -1.0113697e-03  1.0497654e-03 -1.1764326e-03
  1.0743391e-04  1.1859440e-03  6.5635613e-05 -1.2360365e-03
 -3.2450835e-04 -5.9889684e-05 -6.0814014e-04 -1.8111723e-04
 -4.0030337e-04 -1.2685674e-03  1.0952223e-03 -1.3082500e-03
  1.4709072e-03 -8.1442035e-04 -4.1568630e-05  1.2193017e-03
  7.6032407e-04  1.0866593e-03  1.5328567e-04 -9.6118671e-04
 -2.4340834e-04  1.4070886e-03  7.3520752e-04  3.9744107e-05
 -7.3816965e-04  3.9901474e-04  1.1055100e-03 -3.6825004e-04
  1.1135039e-03  7.6049467e-04 -6.7580969e-04  2.1332451e-04
  8.8445126e-04 -1.5229416e-04 -1.5867549e-03 -1.9838526e-05
  1.0648090e-03 -1.4264985e-04 -5.3336268e-04 -3.9494457e-04
 -2.0722178e-04 -1.5988586e-03  7.2292308e-04 -1.2831603e-03
  1.2144692e-03  9.5007219e-04  1.0409654e-03  3.2907663e-04
 -2.5910549e-04  1.3173384e-03  2.3673860e-04  1.1037625e-03
 -1.2072847e-03  9.7876345e-04  3.8913099e-04  1.3899407e-03
 -1.2646506e-03 -7.0816866e-04 -1.0127608e-03 -1.2650578e-03
 -1.3865279e-03  7.3225150e-04  5.8291003e-04 -1.1063223e-03
 -1.5305402e-03 -1.2717979e-03  1.3811126e-03 -1.1477259e-03
 -8.9401100e-04 -1.3099173e-04  1.4164934e-03 -3.6499868e-04
  1.6833302e-03 -1.1227678e-03  1.4983541e-03 -1.0544594e-03
  2.7170219e-04  1.5998947e-04  6.9717236e-04  1.1165747e-03
  5.6763056e-05 -1.2995153e-03  1.6210991e-03 -1.4461902e-03
  1.2034578e-03  1.3893822e-04 -1.6881444e-03 -8.8843350e-05
 -1.6454830e-03 -6.9453986e-04 -1.3674735e-03 -3.2502974e-04
  1.1580200e-03 -4.3634055e-04 -2.6791374e-04  3.5897002e-04
  1.6274508e-03  3.1699106e-04  1.2039884e-04 -2.3033548e-04
 -3.2946932e-06  3.1419823e-04 -3.7951139e-04 -1.3400990e-03
 -6.3393195e-04 -1.2954980e-03  1.5717811e-03  1.3566540e-04
  1.9907278e-04 -1.1766255e-04  8.2059792e-05 -9.6638934e-05
  7.3728192e-04 -9.7178994e-04 -1.5716050e-03  1.3066777e-03
 -9.3143673e-05 -1.3573170e-03 -6.2633888e-04 -4.8633286e-04]"
1,2.0,1.0,"[-9.9727488e-04  1.6766605e-04 -7.4061094e-04 -1.4484156e-04
 -4.6821620e-04  1.8512676e-03  6.4396860e-05  3.0474190e-04
  9.9943788e-04 -1.1883115e-03 -6.5136142e-04  1.4752320e-04
  1.7317394e-03  1.6127216e-03 -9.7391265e-04  1.6297018e-03
  1.1200130e-03  3.5906554e-04  1.7043017e-03  5.7412236e-04
 -6.3960883e-04  7.5102592e-04  1.6482347e-03  6.9732126e-04
 -1.1464962e-03  8.3872286e-04 -7.1696006e-04 -1.4565577e-03
  2.0947862e-04  1.0332369e-03  1.3149889e-03 -1.3928579e-03
 -8.2330016e-04 -2.3287989e-04 -9.3530747e-04 -1.3365697e-03
 -2.8502353e-04  3.5043684e-04 -1.1958713e-03 -1.2737170e-03
 -1.2605375e-03 -1.2742982e-03 -8.8615110e-04  8.4266817e-04
  1.0736875e-03  1.7663470e-04 -1.2355413e-03  2.1875983e-04
  1.0115965e-03 -3.4218974e-04  1.2182507e-03 -1.0424790e-04
 -1.4899104e-03  1.3955559e-03  1.1212322e-03 -1.6125529e-03
  5.9232651e-04 -1.1681475e-03  1.1996998e-03  3.3938640e-04
 -2.3944890e-04 -3.0560596e-04 -3.4054645e-04 -1.4429374e-03
 -8.8394957e-04  6.3975953e-04 -9.9391188e-04  9.2623354e-04
  6.3514995e-04 -1.2666264e-03 -1.1030814e-03 -3.7188176e-04
 -1.5042699e-03  1.4628079e-03 -1.3102443e-03  1.3248931e-03
  9.6937572e-04 -7.5132347e-04  6.6862698e-04 -4.5748756e-04
  6.1840407e-04 -2.7773729e-06 -7.3498412e-04  8.5031375e-04
  2.3105436e-04  9.5206423e-04  1.2856160e-03 -8.1521296e-04
 -1.1776316e-03 -1.0615087e-03  1.2637596e-03 -5.7536486e-04
 -1.5648650e-03 -8.2154124e-04 -6.2615174e-05  4.0675557e-04
  3.5303854e-04 -5.2965380e-04 -4.9354578e-04 -5.6555704e-04
 -5.0806295e-04 -1.4958248e-03 -1.7042410e-03 -1.0834546e-03
 -1.2984414e-03  1.1607308e-03 -9.8800822e-04  1.6920759e-03
  1.0044054e-03 -9.0970984e-04  8.0355664e-04 -6.9080893e-04
 -1.9826271e-04  8.6382637e-04 -1.4199188e-03  1.1842645e-03
 -1.9265496e-04  1.3500889e-03  1.5543773e-03  8.4708311e-04
  8.2942587e-04  1.5154035e-03  1.2845206e-03  1.0470666e-03
 -9.8707492e-04 -3.0765741e-04 -1.2280953e-03 -2.1043757e-04
  5.9916789e-04  1.7513533e-04 -5.9811346e-04  1.0390297e-03
  1.1996004e-03  9.0541138e-04  5.2378688e-04  1.4144874e-03
  1.5118691e-03  7.5678300e-04  1.5241232e-03  1.0151105e-03
 -1.1986961e-03 -1.2202439e-03 -6.7288429e-04 -8.4092579e-04
 -1.6158193e-03 -1.4669400e-03  3.4241303e-04 -6.7696191e-04
  1.2557263e-03 -1.6590880e-03  4.8193580e-04  1.0856265e-03
 -1.2795359e-03  2.6860251e-04 -1.3334593e-03  9.4535167e-04
  1.3512078e-03 -2.3613313e-04  1.5528856e-03  8.2682975e-04
 -5.9080333e-04  8.9410070e-04 -3.7274894e-04  5.6048192e-04
  1.1473336e-03 -5.5064785e-04 -1.1768129e-03  1.1355564e-03
 -4.3711494e-05 -7.4663642e-04 -1.4295728e-03 -5.9261365e-04
 -9.0252736e-04  1.3812523e-03  4.8734670e-04  6.7918230e-04
  3.2777706e-04 -1.3256009e-03 -1.2582835e-03  9.9565368e-04
  6.9647736e-04  1.3161129e-03  1.0357093e-03 -1.2966748e-03
  1.0093476e-04 -9.6267293e-04 -1.2194690e-03 -6.1649893e-04
 -4.9827438e-05  1.2634459e-03  1.0590317e-03  2.6706999e-04
  6.9110608e-04  1.3961386e-03  1.4151169e-03  1.3211215e-03
 -4.3167057e-04 -1.5432040e-03  9.6022448e-04  1.1586073e-03
  7.3164585e-05  2.0862950e-04 -6.8302317e-05  3.9004130e-04
  1.7536904e-03 -1.2327792e-03  8.5539802e-04  1.0345713e-03
 -1.7078867e-04 -1.5597349e-03  1.1255167e-03  1.6188511e-03
  5.6448305e-04 -7.2623731e-04  1.0982798e-03  5.1374355e-04
 -5.6875515e-04 -1.6849124e-03  1.0675431e-03 -9.2082284e-04
 -3.4277042e-04  1.3319734e-03 -6.7083520e-04 -1.5841136e-03
  1.2583412e-03  1.8212618e-03 -1.3619893e-03 -3.1812300e-04
  1.0417457e-03 -2.4523132e-04 -5.4578896e-04 -5.2532641e-04
 -7.3542661e-04 -5.8715726e-04  1.4741046e-03  8.2731101e-05
  1.4395495e-03 -5.8544945e-04  3.7613054e-04 -2.1025594e-04
  5.8359315e-04 -2.9695814e-04  1.5381851e-03 -2.3822007e-05
 -8.0780213e-04  3.5174025e-04  6.5124576e-04  1.1721395e-03
  5.9165212e-04 -3.0550439e-04 -7.5282989e-04 -1.0635318e-03
  8.8408960e-05 -1.4615713e-03  5.1769259e-04 -7.0327951e-05
 -3.7478577e-04  9.9448545e-04  7.9624425e-04 -1.2470392e-03
  4.9222005e-04  7.0482970e-06 -6.9283228e-04  1.3177813e-03
  8.4572687e-04 -1.7781935e-03 -1.0302557e-03  9.1112201e-04
 -1.2690113e-03 -1.3334409e-03 -1.1570769e-03 -6.5602129e-04
  1.4883026e-03 -4.6205390e-04  8.4269635e-04  1.0711915e-03
  6.1247795e-04 -3.4902594e-04 -1.7173563e-03 -4.3595530e-04
  3.8079440e-04  1.4696633e-03  5.7056983e-04  3.9753827e-04
  1.8987332e-04  1.7256786e-04 -6.1869080e-04 -1.5785927e-03
 -3.2816496e-04  1.2527762e-03  3.4409825e-04  1.4839729e-03
  6.9323101e-04  6.2313711e-04 -6.6675384e-05  2.2489240e-04
 -3.2702333e-04 -1.7241074e-03 -1.1238294e-03 -5.8314012e-04]"
2,3.0,1.0,"[ 1.91305604e-04  1.03445584e-03  1.09649729e-03 -5.26007672e-04
  1.17285619e-03 -8.47575429e-04  7.10954831e-04  1.07469200e-03
 -1.50260108e-03 -9.62477876e-04  8.27343611e-04 -8.06064811e-04
  1.32117840e-03  9.29274247e-04  7.91134720e-04 -6.56123215e-04
 -5.38413296e-04  1.49139273e-03  1.68043280e-05 -1.74762367e-03
  9.80931218e-04  5.89265313e-04  4.30847547e-04  1.80901465e-04
  6.34563039e-04 -9.33536037e-04  1.45853555e-03 -1.61878706e-03
 -1.91455169e-04 -1.48653309e-03  3.31541785e-04 -5.14407002e-04
  9.14272910e-04  1.78789880e-04 -1.17969397e-03 -5.86900045e-04
 -2.28401535e-04  1.51274307e-03  1.34155853e-03  8.81344531e-05
  1.42570341e-03  2.93749850e-04 -1.25643658e-03  6.59151177e-04
  8.77192884e-04  3.65619984e-04 -1.14890432e-03 -1.08547800e-03
  9.16399178e-04  4.33857844e-04 -8.75903934e-04 -8.38630658e-04
 -1.35277689e-03 -7.50655076e-04  9.59103694e-04  4.35066933e-04
  1.14168145e-03 -1.46961294e-03 -1.49734423e-03  9.57566721e-04
  1.05992390e-03 -1.45368651e-03  1.26196689e-03  1.13949610e-03
  6.69526693e-04 -3.24724271e-04  1.62971101e-03  1.58281391e-03
 -3.95011266e-05 -3.37220932e-04  7.93117390e-04 -2.47270600e-05
  1.51307206e-03 -4.12517838e-04 -1.74936664e-03  6.58280216e-04
  4.16700379e-04 -1.59894594e-03  1.50973420e-03 -5.88323397e-04
  1.25601632e-03  5.20059199e-04 -5.37584245e-04  7.04477716e-04
 -4.54111316e-04  9.01594176e-04  2.11797771e-04 -1.35394547e-03
 -6.17316226e-04  1.12258724e-03  1.66767614e-03  1.06185289e-04
 -7.19610020e-04  8.80963111e-04  1.52694469e-04  1.13365194e-03
 -1.54001627e-03  1.39736757e-03 -1.47518469e-03  6.42379513e-04
  1.08046399e-03  1.21779297e-03 -4.59435076e-04  1.19226601e-03
 -1.81653537e-04 -1.19844399e-05 -9.32036841e-04  1.38900871e-03
  1.22675369e-03 -1.54862402e-03 -2.36573673e-04 -5.25597308e-04
 -6.56817690e-04  1.50949520e-03 -5.05366479e-04 -4.10614390e-04
  2.67949130e-04  1.34938757e-03 -4.58271999e-04  1.46735890e-03
 -6.89870794e-04  1.01524231e-03  2.72938662e-04 -8.26647884e-05
  1.06079224e-03 -1.26972573e-03  5.13569626e-04  7.48354942e-04
 -1.06241007e-03  1.59081316e-03 -1.51433900e-03 -1.52154174e-03
  6.55017968e-04 -1.50913792e-03  1.70249515e-03 -1.91282001e-04
 -1.18343090e-03 -1.08758791e-03  1.43527592e-04  1.52998298e-04
  1.58800016e-04 -1.43265678e-03  1.29201799e-03  7.56033056e-04
 -7.21846998e-04 -8.20604968e-04  1.60872331e-03 -1.19484682e-03
 -1.04049244e-03  2.22667426e-04 -1.32790138e-03 -1.53712055e-03
  1.24538748e-03  6.24262961e-04  2.27160461e-04  4.08662076e-04
  1.29465549e-03 -4.08171996e-04 -4.79055336e-04 -2.26735483e-05
 -7.69566177e-05 -4.22903977e-04 -1.32754550e-03  1.06929720e-03
  3.49993497e-04 -1.65525009e-03  8.98988917e-04 -1.01955642e-03
 -4.92057414e-04 -2.48078053e-04  1.12196524e-03 -2.86693667e-05
  2.07037680e-04 -1.58593373e-03  8.68596428e-04  1.07174262e-03
  1.28899876e-04  5.98497747e-04  1.18908030e-03  1.03244674e-03
  2.32017832e-04  4.58696195e-05  7.12388486e-04 -9.78672062e-04
  1.45238679e-04 -1.58398726e-03  5.84507594e-04  1.31607137e-03
  3.20986554e-04 -1.11744402e-03  1.39715127e-03  1.19665556e-03
 -4.50784137e-06 -1.37013616e-03  9.77669843e-04 -7.51954969e-04
 -1.01803930e-03 -1.72089157e-03  1.40630431e-03  1.43787614e-03
  2.07057848e-04  1.75180880e-03  4.44531674e-04  7.41912081e-05
 -3.83615698e-04  2.12725463e-05  1.33339723e-03  2.73615151e-04
  1.60474039e-03 -1.21530856e-03  4.33416630e-04  1.42329477e-03
 -1.17184396e-03  1.35232706e-03  6.52257295e-04  1.44601567e-03
  8.60507833e-04 -1.00390904e-03 -1.30432763e-03 -4.37227311e-04
 -6.59357349e-04 -1.36363728e-03 -3.34828976e-04 -1.26417505e-03
 -4.44454112e-04 -3.10439034e-04 -1.37722457e-03  1.74666010e-03
 -3.58390185e-04  9.84688988e-04  4.67319769e-04 -1.31641270e-03
 -5.23796480e-04 -1.24191225e-03  1.26904505e-03  1.23033451e-03
 -1.25985534e-03 -3.52261442e-04  2.60270288e-04  6.17715850e-05
  1.53467222e-03 -3.10819196e-05 -1.16129115e-04 -8.02181137e-04
  5.19622175e-04 -6.39510923e-04 -1.63535052e-03 -8.44438502e-04
 -1.58247910e-03  9.32534167e-04 -3.35248187e-04 -2.92885641e-04
 -4.14157374e-04 -1.43925223e-04 -1.45536571e-04 -4.77251051e-05
 -4.15812538e-04  3.77510500e-04  7.12225738e-04 -1.02346111e-03
  1.58226083e-03 -1.60190684e-03 -7.06677034e-04 -9.09046328e-04
 -3.30270763e-04 -7.05955550e-04  1.22191943e-03 -1.47313578e-03
  1.06144254e-03  1.14053162e-03  1.31651526e-03 -1.03465770e-03
 -1.17047981e-03 -2.80988723e-04 -4.84866381e-04 -1.50479167e-03
  5.12627594e-04 -1.07629818e-03 -1.25775672e-03  1.54013839e-03
 -5.09325007e-04 -5.90538548e-04 -1.27731473e-03 -1.13718282e-03
  1.80463365e-03  9.77754476e-04  7.16157432e-04 -1.22765999e-03
  1.54528837e-03  1.58718598e-04  4.53059620e-04  1.10447942e-03
 -6.10912743e-04  7.74820452e-04  1.55518739e-03  5.07376863e-05
 -7.98033201e-04  4.24685510e-04 -6.61503218e-05 -5.06285287e-04]"
3,4.0,1.0,"[ 2.00663671e-05  1.71483017e-03 -1.48035982e-03  2.53024162e-04
 -3.80412937e-04  1.61284709e-03  1.33284426e-03 -5.98719518e-04
  1.24864222e-03  1.39262329e-03  3.51468298e-05 -1.08222931e-03
  2.56939093e-04 -1.32366689e-03 -3.66706154e-05  7.99033442e-04
 -1.69837405e-03  1.00492476e-03  1.32006686e-03 -4.35607915e-04
 -6.93340378e-04  5.43064845e-04 -7.72271305e-04 -1.96506517e-04
 -7.09579326e-05 -7.12716253e-04  1.50707061e-03  9.64964274e-04
 -4.54416411e-04 -1.08589593e-03 -9.07602895e-04 -1.54809200e-03
 -1.65932288e-03 -1.89502636e-04 -1.68685277e-03 -1.33056461e-03
 -1.35993387e-03 -1.90077539e-04 -6.00075815e-04  1.37526740e-03
 -1.44595152e-03 -8.87677481e-04 -2.62670452e-04 -1.50622067e-03
 -1.12821895e-03 -3.95692507e-04  8.36252235e-04 -1.56336918e-03
  8.86357811e-05  1.37309788e-03 -6.78295386e-04  1.44015811e-03
  6.97178242e-04  1.11052953e-03  5.58517699e-04 -2.35980086e-04
  1.22651865e-03  9.51697701e-04 -1.10871345e-03  8.36929597e-04
 -5.75743325e-04  6.82416547e-04  3.23855114e-04  3.78610479e-04
  4.99383023e-04 -1.39561319e-03 -1.06398959e-03 -4.90899256e-04
 -1.28390282e-04 -7.73431442e-04 -3.64484498e-04 -1.21881945e-04
 -2.92630983e-04  1.57502585e-03 -3.60573991e-04  9.00775136e-04
 -8.26539122e-04  1.25591340e-03 -1.20041869e-03 -1.45591679e-03
 -2.29324251e-05 -1.37894659e-03  9.86483181e-04  1.27085298e-03
 -1.05916511e-03 -1.53879554e-03 -1.19231851e-03 -1.43539102e-04
 -1.72155956e-03 -1.25309965e-03  1.21992943e-03 -2.83580623e-04
  1.24421809e-03  1.67127373e-03 -1.14055700e-04 -1.05357112e-03
 -9.70642839e-04 -1.44661590e-03 -3.07102855e-05 -8.94816709e-04
  1.44820381e-03  1.07543508e-03 -1.17374677e-03  1.19034434e-03
  1.38086063e-04  1.06587517e-03  1.32828113e-03  7.22875353e-04
 -3.43976310e-04  7.94847845e-04  1.56215858e-03 -6.95030671e-04
  3.52918694e-04 -9.99568030e-04 -3.24066903e-04  3.14205128e-04
 -9.07600741e-04 -5.19603025e-04 -5.77004277e-04 -1.57335331e-03
  3.54215503e-04 -1.30457396e-03  1.43334642e-03 -1.31582923e-03
  8.60990433e-04  3.12467419e-05 -9.09728638e-04 -1.54558860e-03
  1.42511376e-03  1.37852214e-03 -3.63692059e-04 -1.56670983e-03
  1.60496391e-03  1.58220285e-03  1.15225755e-03  1.17426214e-03
 -2.17632682e-04 -5.24203642e-04  5.04747091e-04  7.26928934e-04
 -1.48889876e-03 -1.09982060e-03 -1.47771963e-03 -8.57169041e-04
 -2.27027267e-04 -4.81135445e-04 -6.68998808e-04  1.36410643e-03
 -1.74787012e-03 -1.62602973e-03 -1.02373748e-03  1.03201577e-03
 -2.66062940e-04 -5.60441229e-04 -1.37747976e-03  7.88451289e-04
 -1.00677239e-03 -2.25103213e-05 -1.40643562e-03 -4.55267873e-04
 -1.17232185e-03 -6.48085494e-04 -4.81025170e-04 -1.45011174e-03
 -9.33919626e-04 -1.64428598e-03 -1.54997210e-03  7.78768735e-04
 -1.44410215e-03  2.48207914e-04 -6.05935347e-05  1.21670391e-03
  1.82423319e-04 -1.83669757e-03 -1.07977563e-03  5.22424176e-04
 -1.71460060e-03 -7.64401455e-04 -1.64081040e-03 -5.74479462e-04
  3.36747093e-04 -5.65328053e-04  5.83659043e-04 -1.08458917e-03
 -1.55579590e-03 -9.75235482e-04 -1.36069197e-03  1.26047118e-03
 -1.67669822e-03 -5.96395577e-04 -1.39565309e-04  7.83490366e-04
 -8.52286466e-04  9.36467026e-04  1.25421793e-03 -8.98434431e-04
 -1.64499739e-03  1.45916373e-03  8.36417719e-04  4.86519770e-04
  1.53066800e-03  1.32745830e-04 -9.13930067e-04  1.46439881e-03
  1.65384216e-03  8.56904953e-04 -9.98308300e-04  1.55841245e-03
 -6.20358391e-04 -4.07850952e-04  1.17478182e-03  1.51767244e-03
 -1.77642202e-03 -5.26845921e-04  1.51172036e-03  1.89502095e-03
 -6.97002513e-04 -1.75213243e-03  5.18940797e-04  1.41117815e-03
 -1.29470951e-04 -9.41924343e-04  1.46103150e-03  1.26538414e-03
 -5.89753035e-04  1.09014346e-03  1.34185632e-03 -3.03129695e-04
  1.31839688e-03 -7.20671611e-04 -9.53566167e-04  4.80485527e-04
 -3.52071133e-04  2.33624320e-04  1.00962399e-03 -7.51110143e-04
  8.31837009e-04  3.91924405e-04 -1.67770183e-03  1.52701070e-03
  1.74132793e-03 -5.09427395e-04 -2.27601722e-05  1.61263091e-03
  7.75290362e-04 -8.77424434e-04 -1.43714220e-04  8.97369115e-04
  1.51783519e-03 -6.83392456e-04  5.90132258e-04  3.88793793e-04
 -6.52857125e-04 -1.31598927e-05 -5.95105939e-06  1.30278594e-03
  1.70335170e-05  8.22984090e-04  1.80264912e-03 -1.17335538e-03
  6.23569300e-04  6.57248718e-04 -1.56218966e-03 -1.01218633e-04
 -1.30333344e-03 -1.62223692e-03 -5.49589109e-04  1.95159795e-04
  1.22791738e-03  1.13767921e-03  1.41824118e-03 -8.55697610e-04
  1.76889438e-03  5.70906035e-04  1.59190071e-03 -1.18216686e-03
  4.95124666e-04 -1.71393459e-03  1.42991004e-04  1.08666532e-03
  9.39648366e-04 -1.73403748e-06 -3.86278203e-04 -1.62366324e-03
  1.00332347e-03  1.12239306e-03  9.65202693e-04 -1.05738651e-03
 -1.32763037e-03  1.48507976e-03  1.01086136e-03 -8.19572248e-04
 -3.03848268e-04  5.77258237e-04  9.54482413e-04  9.90628498e-04
  4.98311070e-04 -1.70318747e-03  8.63742607e-04  4.03913611e-04]"
4,5.0,1.0,"[ 7.71224324e-04  1.69084489e-03 -1.20457285e-03  1.05709340e-04
  1.34378613e-03  1.01554242e-03 -1.65169535e-03  1.52413535e-03
 -7.87512166e-04  1.04073505e-03  7.14151887e-04  1.98648893e-04
  2.95951555e-04 -8.20572532e-05  1.42481003e-03 -8.92047014e-04
  1.36590807e-03 -1.00298179e-03  1.00040597e-04  6.24613604e-04
  5.59145759e-04 -9.54863499e-04 -1.02564588e-03  9.51454393e-04
 -1.24405231e-03  1.38984795e-03  1.91155166e-04  1.05177809e-03
 -6.92651607e-04  2.32909224e-04  7.96650304e-04  1.23532629e-03
  1.60686835e-03 -3.18071921e-04 -2.17637556e-04 -9.54922289e-05
  9.63058730e-04 -7.33331894e-04 -1.14963867e-03 -9.60472506e-04
 -1.10834464e-03  9.21371276e-04 -1.26546656e-03  9.59966739e-04
 -4.79426555e-04 -2.72313075e-04 -1.35147144e-04  1.44236989e-03
  1.35132263e-03  1.67890545e-03  5.72091318e-04 -2.63935624e-04
 -8.56227532e-04  1.10415916e-03  4.58696682e-04 -1.02746743e-03
 -1.42976129e-03  1.06508331e-03 -1.44075823e-03  9.31514835e-04
 -1.27490051e-03  9.16686433e-04  1.62952358e-03 -1.05739753e-04
  1.13651168e-03 -1.67622115e-03  1.61903806e-03 -6.22533611e-04
  2.72831327e-04  1.43340338e-04  1.43376749e-03  1.66580395e-03
  5.73962345e-04  9.03176260e-04 -1.54307613e-03 -1.48451165e-03
  9.07061331e-04 -5.33566708e-05  2.90082360e-04 -5.29651472e-04
 -8.05305201e-04 -1.04226533e-03  1.12214091e-03  1.60510722e-03
  8.98500512e-05 -1.50240387e-03 -8.89433140e-04  1.98329930e-04
  1.52678171e-03 -4.01271216e-04 -8.76544160e-04  6.32139272e-04
  1.10933476e-03  1.00147713e-03  4.29144158e-04 -7.29184772e-04
  1.53886131e-03 -9.26824345e-04  1.54306635e-03 -1.52798533e-03
 -1.60521071e-03 -8.01451213e-04 -7.40441028e-04  1.64641498e-03
 -1.11669220e-03  1.20806752e-03 -1.25303760e-03 -1.44715630e-03
 -6.19291444e-04 -1.63800898e-03  1.44039665e-03 -8.65759153e-04
  1.38173043e-03  1.29783445e-03  6.06709684e-04 -2.21412247e-05
 -1.38868182e-03 -2.31503363e-04 -1.84434626e-04  1.13486045e-03
 -2.86457187e-04  5.72986144e-04 -1.48281956e-03 -1.21492893e-03
 -8.47680494e-04  1.49630534e-03  8.24487885e-04  3.83056002e-04
  9.41167455e-05  1.56870601e-03  4.45111131e-04 -9.37412260e-04
 -1.21037778e-03  1.41114614e-03  1.19855686e-03  8.93928285e-04
 -7.67520803e-04 -1.36497268e-03 -7.68940896e-04 -1.44521892e-03
  1.45484635e-03 -1.49214489e-03  3.66677268e-04  4.06620704e-04
 -1.46628823e-04  7.92248524e-04  4.41275828e-04 -1.25587313e-03
 -1.57040253e-03 -9.54992778e-04 -2.78853578e-04 -1.66819082e-03
  2.31108337e-04 -1.40042999e-03  6.94085669e-04  1.89730185e-04
 -1.65729679e-03 -1.08489534e-03 -1.23356108e-03  4.50328807e-04
  5.33023966e-04  1.20321999e-03 -1.69671769e-03 -1.60944345e-03
  6.96371426e-04  2.45043164e-04 -8.98195372e-04  1.10629550e-03
  9.79780219e-04  6.14081335e-04  1.16295501e-04 -8.69237992e-04
  5.88883937e-04 -1.33897667e-03  4.44159145e-04 -2.24868156e-04
 -1.40162930e-03 -6.94169023e-04 -1.44039048e-03 -2.72501231e-04
 -1.19555276e-03 -1.29679602e-03  5.16480941e-06 -5.79275693e-05
  4.28350540e-05  1.54828434e-04  1.53589319e-03 -1.62681134e-03
 -1.05903577e-03  7.72155239e-04 -1.07908086e-03 -4.53301938e-04
 -7.95276603e-04 -9.10274626e-04  1.05549314e-03 -1.30100560e-03
  2.47276796e-04 -5.26384429e-05  1.05335668e-03  1.22508267e-03
  8.17302382e-04 -5.83125802e-04 -3.73405492e-05  7.41942436e-04
 -5.16098284e-04  1.67837692e-03 -1.34249160e-03  1.45708816e-03
 -2.80566630e-04 -9.37578618e-04  1.31625799e-03 -1.19690504e-03
 -5.54766797e-04  9.83801205e-04  3.12112039e-04  8.64301343e-04
 -1.58098771e-03 -9.71245638e-04  1.98826572e-04  1.24563382e-03
 -8.00768496e-04  1.14892016e-03 -3.23349843e-04 -5.83765970e-04
  3.23719985e-04 -4.84664080e-04  1.30405102e-03  1.49779720e-03
 -7.90052465e-04  1.32751279e-03  6.70151203e-04  1.46928790e-03
 -6.87089923e-04 -1.22725964e-03  1.18837308e-03  1.61223195e-03
 -2.32200473e-04  9.67362837e-04  5.73224213e-04  3.75303731e-04
 -1.12216349e-03  7.82903866e-04  1.05072104e-03  1.64220622e-03
 -1.22579711e-03  2.56513158e-04  1.23840338e-03  7.35333364e-04
 -7.95746280e-04 -9.13588214e-04 -8.58519634e-04  8.51985998e-04
  1.51378883e-03  6.89712397e-05 -8.70261807e-04  1.58823247e-03
 -1.27334648e-03  3.89525434e-04  1.53215224e-04 -1.30532437e-03
  6.02482061e-04  1.64531905e-03  1.01738470e-03 -4.49906278e-04
  1.34452293e-03 -1.41816260e-03  3.68316047e-04  3.64866173e-05
 -1.02879817e-03  5.41255053e-04  3.67586763e-04 -1.50855829e-03
 -8.00196256e-04  1.89661427e-04  7.82571675e-04 -1.33345334e-03
 -2.97027203e-04  1.14600611e-04  1.58338284e-04  1.35832292e-03
 -8.77966988e-04 -1.23971712e-03  1.56820344e-03 -9.73235990e-04
  1.46958476e-03 -9.93803260e-04  6.75397867e-04  1.42449781e-03
  4.13271307e-04  2.40166584e-04 -9.12645832e-04 -1.52858126e-03
  2.85373913e-04  1.10819063e-04 -7.90183840e-04 -1.02516766e-04
 -1.67749368e-03  9.90291708e-04  6.66723470e-04  1.15175510e-03]"
5,6.0,1.0,"[ 4.82312258e-04  7.64141150e-04 -1.50156871e-03 -1.18592475e-03
  1.53010420e-04 -9.18971375e-04 -1.66156876e-03  5.34644874e-04
  1.46912260e-03  1.12978439e-03 -6.23445027e-04 -8.20672081e-04
 -5.81034401e-04  9.39161691e-05  3.37170175e-04  2.18452580e-04
 -3.37727601e-04 -5.12829400e-04  6.60278136e-04 -7.33934226e-04
  1.12025440e-03 -1.18593301e-03  4.02757396e-05 -9.32520954e-04
  9.76099982e-04  8.20762885e-04  1.17955345e-03  9.08913906e-04
  1.20437460e-03 -1.64286583e-03  1.50401611e-03 -2.61776178e-04
 -1.20988931e-03 -4.72871616e-04 -2.07459219e-04  6.66647800e-04
  9.93640744e-04  1.07680378e-03 -1.02992053e-03 -2.82008696e-04
 -1.01073587e-03  1.54383155e-03 -1.06452894e-03 -1.29032834e-03
 -7.98580440e-05 -1.08648185e-03 -1.19473645e-03 -1.34254212e-03
  1.03723211e-03  1.57894159e-04  8.33478232e-04 -1.55798846e-03
  1.56508083e-03  1.27142877e-03 -4.88745340e-04  1.37971336e-04
 -6.14835648e-04  1.15374266e-03  3.51048075e-04 -1.36958214e-03
  9.01916414e-04 -1.37939677e-03 -3.04589717e-04 -7.98629655e-04
  6.67222776e-04 -9.47930035e-04 -5.93678909e-04  9.00567276e-04
 -1.47855619e-03 -9.90416156e-04  4.67314414e-04 -1.94142543e-04
 -1.08099484e-03  7.72562227e-04  2.80608452e-04  1.10062293e-03
  8.66725750e-04 -2.64708011e-04  2.82996363e-04 -3.76338052e-04
  6.33805874e-04  4.18583921e-04  9.41764913e-04  1.55917893e-03
 -2.93594148e-05 -1.65511970e-03  2.40911642e-04  3.95822630e-04
  1.29785703e-03 -1.23596238e-03 -8.18155240e-04  1.66547636e-03
 -1.35771159e-04  1.06574700e-03  9.01772524e-04 -5.93772449e-04
 -7.24052195e-04 -6.85865758e-04 -1.44565932e-03 -4.41229698e-04
  3.59844475e-04 -6.70756621e-04  1.06244210e-04 -1.05490570e-03
 -3.76098433e-05 -2.48631812e-04  8.88742798e-04 -1.29609765e-03
  1.67447061e-03 -1.13770179e-03 -6.16091187e-04  2.27725977e-04
 -2.70427961e-04  4.99855261e-04  1.34823227e-03 -3.03015200e-04
  7.82000716e-04 -2.17243025e-04  9.05064750e-04  3.48549132e-04
 -3.31677904e-04 -2.14554180e-04 -7.01406680e-04 -2.68248667e-04
 -2.34980689e-04 -4.88039659e-04  5.63875597e-04 -4.19895980e-04
 -8.45328497e-04 -1.44047907e-03  3.81758582e-04 -7.69550388e-04
  1.36562809e-03 -1.32182753e-03  1.31779583e-03  1.83921179e-03
 -1.62337325e-03 -1.58627331e-03  1.54781528e-03 -1.30029023e-03
  1.08519814e-03  5.71771991e-04  5.99957202e-05  4.82840696e-04
 -1.62213366e-03 -4.02105972e-04 -1.06882246e-03 -7.68729311e-04
  1.03527983e-03  2.43826886e-04  1.03003753e-03 -4.74001514e-04
 -1.12238682e-04  2.14102383e-05  1.36897748e-03  1.22878794e-03
  1.56881681e-04  8.54180835e-04  2.79692933e-04  2.11309612e-04
 -1.38069375e-03 -1.52506458e-03 -1.08629058e-03  1.49186747e-03
  1.84524368e-04  7.53399945e-06 -1.59972010e-03  2.86152645e-04
 -2.59352237e-04  7.77939858e-04  7.57135160e-04 -1.37845660e-03
 -3.29770293e-04 -7.12768015e-05  8.94565426e-04 -6.35117118e-04
  2.35225656e-04 -1.56244391e-03 -1.74727384e-03 -3.01046093e-04
 -3.94491915e-04 -1.67502672e-03  9.15131066e-04  5.04397496e-04
  1.32680673e-03  8.76836479e-04  1.30996108e-03 -4.82317904e-04
  4.93171858e-04 -7.44275458e-05  5.95994585e-04 -1.23806717e-03
  1.23559462e-03 -1.18537479e-04  9.13358745e-05 -1.39241025e-03
 -3.76918673e-04  7.46317208e-04  5.01572737e-04 -1.57629722e-04
 -2.58545129e-04 -9.96611896e-04  8.85770423e-04 -4.73365253e-05
  9.71712434e-05 -7.63653079e-04 -1.04013283e-03  2.23777475e-04
 -6.29640766e-04  1.25494599e-03 -6.00350686e-05 -7.86903431e-04
 -1.50543451e-03 -6.37963298e-04  1.54878016e-05 -7.37356837e-04
  1.63833785e-04 -2.76609266e-04 -7.11267698e-04  5.61000372e-04
  5.26414078e-04 -6.52566494e-04  1.04559236e-03  1.22739712e-03
 -1.26521860e-03  1.72418542e-04  6.18314487e-04  1.68337981e-04
 -1.20618928e-03 -1.66997139e-03 -1.22139207e-03  3.22904059e-04
 -1.18428224e-03 -1.22499058e-03 -7.24287587e-04  7.11303495e-04
  8.33050814e-04 -1.05456938e-03 -1.28488301e-03  1.46920036e-03
  1.38683827e-03 -1.00532685e-04  2.37141998e-04 -3.60545702e-04
  5.85059461e-04 -8.10687372e-04 -1.38278690e-03  1.31919212e-03
 -4.27607622e-04 -1.21490099e-03 -1.00831920e-03 -5.89134928e-04
 -5.54422513e-05  1.50020467e-03 -1.34959328e-03  3.20799503e-04
  1.23548915e-03  6.12343953e-04  9.30387614e-05 -3.22598440e-04
  1.76514775e-04 -3.99826880e-04  1.02818431e-03  1.25330256e-03
  1.36357674e-03  1.16604415e-03 -1.54532038e-03 -4.69337014e-04
 -2.13540770e-04  9.47143475e-04  6.48648187e-04  1.37375470e-03
  1.25263899e-03  3.31271382e-04  1.41436036e-03  1.04779331e-03
  8.65844660e-04 -1.49703049e-03 -8.11696693e-04 -6.73076953e-04
  9.40613856e-04  1.71125995e-03  1.21192262e-03  1.15876828e-04
  2.65698880e-04 -5.79893996e-04 -7.49590516e-04 -5.76505379e-04
  8.25221417e-04 -4.30599030e-04  7.26406579e-04 -9.18350532e-04
  6.24665234e-04 -1.12589158e-03 -1.13090046e-03  8.31010926e-04
  6.86600921e-04 -1.37131696e-03  2.43178033e-06 -3.84256447e-04]"
6,7.0,1.0,"[-4.78273520e-04 -8.16131214e-05  6.92240137e-05  1.15399796e-03
 -1.47142986e-04  1.38066488e-03 -6.87510124e-04  4.44992009e-04
 -1.61046057e-03 -4.23085614e-04 -1.15682278e-03  1.20401231e-03
 -2.18442656e-05 -1.39279407e-04  5.80431952e-04 -1.57736288e-03
  1.66263478e-03  1.07121677e-03  1.46594038e-03  5.62733680e-04
  1.62190874e-04  1.66243862e-03 -1.12039689e-03  1.41615258e-03
  2.99202948e-04 -1.76170033e-05  1.65921415e-03 -1.07847550e-03
 -6.81141508e-04  1.20954552e-04 -2.82154331e-04  6.28401816e-04
  5.92014636e-04 -1.03321014e-04 -1.21670273e-04  1.30101724e-03
 -4.42976416e-05 -8.53905804e-04 -1.17775099e-03  1.01770007e-03
 -3.45933193e-04  5.76136168e-04 -9.73929244e-04 -1.55087456e-03
  3.04484802e-05  1.42860052e-03  3.42420273e-04  5.66560135e-04
 -1.35069073e-03  9.02982894e-04 -3.77037068e-04  1.17246222e-04
 -1.11507857e-03 -1.48353295e-03  3.23477783e-04  9.85215069e-04
 -1.42619025e-03 -3.83795705e-04 -6.13583252e-04  2.40301102e-04
  6.49415248e-04  8.59446591e-04  5.54741127e-04 -7.33789930e-04
  1.63080182e-03 -4.04604034e-05 -2.04751304e-05  3.99405777e-04
 -1.33497489e-03  1.00904377e-03 -8.79652216e-04  4.65684308e-04
 -5.92685770e-04  6.36669574e-04 -7.48317805e-04 -8.00203474e-04
  1.33612682e-03 -1.68047950e-03 -1.45468931e-03 -6.75188901e-04
  1.28825067e-03 -1.28508639e-03 -7.56346912e-04 -7.27809791e-04
 -8.04676383e-04  4.39372612e-04  9.79370234e-05 -1.01209048e-03
 -1.67493301e-03 -1.64320844e-03  6.72035036e-04  1.15835015e-03
 -9.30365059e-04 -7.96397275e-04  6.61848462e-04  9.71904548e-04
 -1.59978482e-03 -5.87919727e-04 -6.94266870e-04 -8.43405258e-04
  1.33667537e-03  1.68057345e-03  8.42327776e-04  8.29975470e-04
  1.39544753e-03  7.40634627e-04 -1.72041517e-04  7.61952950e-04
  1.17710384e-03 -1.04550365e-03  1.24122226e-03 -1.15679938e-03
  1.08006946e-03  4.88767517e-04 -2.94613623e-04 -1.10607711e-03
 -7.09078886e-05 -1.24659576e-03 -1.15505280e-03 -1.56020524e-03
  7.31898297e-04  1.61483636e-04  8.56706756e-04  1.11912307e-03
 -1.52108702e-03  1.72544620e-03  1.54107378e-03  7.11379340e-04
  8.70344928e-04  1.56982581e-03 -6.32069714e-04  5.35972184e-04
 -1.16133713e-03  6.96258561e-04  8.70881369e-04  7.61841366e-04
 -1.65479805e-03  1.07166520e-03  1.20743935e-03 -1.33179838e-03
  1.20099820e-03  3.78806944e-05  7.88261415e-04 -1.33248640e-03
  4.09111817e-05 -1.36390547e-04  1.39107322e-03 -1.73849205e-03
  4.28338157e-04  7.92304229e-04 -8.14867322e-04 -9.43290303e-04
 -9.36481985e-04  1.35185954e-03 -1.47275475e-03  9.70719557e-04
 -5.80483174e-04 -9.45170541e-05  6.33829390e-04  8.14263010e-04
  6.00938947e-05  6.53678784e-04 -7.91783736e-04  6.79344230e-04
 -1.71711599e-03 -1.72851584e-03 -1.49412360e-03  1.27258338e-03
 -9.27726738e-04 -2.29322031e-04 -2.76804436e-04 -1.51353562e-03
  7.83549447e-04  1.33278803e-03 -5.50588651e-04  9.35591015e-05
 -1.51403155e-03  1.15105452e-03 -1.75639137e-03  6.75428950e-04
 -1.12735387e-03  6.20254490e-04  4.90947685e-04  1.38728239e-03
 -1.56972394e-03 -9.90596745e-05  1.57423143e-03  5.71416494e-05
  4.03838640e-04  4.98480920e-04 -1.93675136e-04 -9.55592317e-04
  2.83577625e-04  3.66438209e-04  8.53350153e-04 -1.68261537e-03
  3.27955604e-05  7.55934860e-04 -1.30394113e-03 -1.10133726e-03
  9.38042998e-04  2.00098817e-04 -6.90840476e-04 -1.66683947e-03
  1.09560729e-03  5.69806318e-04  1.06532208e-03 -7.97212579e-06
 -1.58187095e-03 -1.39490410e-03 -1.90287727e-04 -6.06784943e-06
 -1.18770101e-03  1.31969296e-04 -5.52817772e-04  1.14245119e-03
  2.09752820e-04  2.95448524e-04  7.65128876e-04 -3.32271127e-04
 -1.58338156e-03 -1.10821484e-03  3.07530136e-04  1.19184295e-03
  1.39248685e-03  1.05142209e-03  3.36900761e-04  7.00213830e-04
  1.71662902e-03 -8.86744121e-04  4.54334309e-04 -1.06493833e-04
 -1.55659323e-03  1.31294620e-03  3.17972474e-04  1.54137390e-03
  2.73702608e-04  3.44940607e-04 -9.81001067e-04 -3.24238063e-04
 -8.93238059e-04 -8.46467447e-04  4.05776576e-04 -1.41834968e-03
 -1.18989719e-03 -6.83166087e-04 -1.61017501e-03  8.33675207e-04
 -8.45714472e-04 -1.78135163e-03  3.18979786e-04 -1.42054714e-03
 -2.38903580e-04 -6.77981647e-04 -5.78843814e-04  9.05688328e-04
 -4.89516242e-04 -1.25348149e-03  1.61258504e-03  3.19792889e-04
 -5.44385694e-04 -5.16168016e-04 -1.51095120e-03  3.23510540e-05
  1.35269156e-03 -6.31016563e-04 -1.72056723e-04  1.49773643e-03
  9.52631526e-04 -1.70055614e-03 -8.84700858e-05 -6.23258413e-04
  1.70480844e-03 -6.87378284e-04  4.59231494e-04 -7.72656640e-04
  1.74576693e-04 -2.45215662e-04 -8.65937443e-04  4.43805970e-04
 -1.20256899e-03  1.41191675e-04  1.37533198e-05 -1.43942086e-03
 -1.35243929e-03  1.46012835e-03 -1.48251920e-03  7.02144403e-04
 -5.50744822e-04  1.66797929e-03 -1.44664809e-04  8.17183463e-04
  6.03313500e-04  1.79862924e-04 -2.56294588e-04 -1.52727793e-04
 -1.22723845e-03 -4.89929982e-04  1.70857680e-03  9.98984557e-04]"
7,8.0,1.0,"[-4.5404624e-04  1.6306079e-04 -8.0194615e-04  3.1569108e-04
  7.5304991e-04 -6.2082126e-04  1.3204134e-04 -1.4242120e-03
 -8.1216154e-04 -1.1522146e-03  7.8003097e-04  5.2986521e-04
  2.5402647e-04 -5.4677384e-04 -1.4170879e-03  1.0238747e-03
 -1.4201696e-04  5.0597714e-04  1.7142813e-03 -7.8235309e-05
  7.7867362e-04 -8.2724313e-05  1.2028720e-03 -1.3998819e-03
  1.4879380e-03 -5.7267194e-04  7.9785235e-04  1.9198995e-04
  6.8109238e-04  2.8944176e-04  1.4777634e-03  2.3904270e-04
  4.8166708e-04  1.3818954e-03 -1.5897345e-03 -1.2471771e-03
  1.0323456e-03 -3.5678712e-04 -3.5065087e-04  7.2657852e-04
  7.7081518e-04 -1.5720482e-03 -1.2423426e-03 -1.3129772e-03
  1.3711851e-03  7.0325703e-05 -2.0038467e-04 -5.7239737e-04
  1.6555816e-04 -3.2652773e-05  1.2068339e-03  3.9625444e-04
 -8.9685456e-04  9.5334440e-04  4.7479005e-04 -1.4260366e-05
 -8.1058888e-04 -5.9628941e-04 -6.3651649e-04 -8.3137781e-04
 -4.0311963e-04  1.0204767e-03 -1.1383781e-03 -1.1596339e-03
 -1.4044663e-03 -5.4318417e-04  1.4880791e-03  2.1091240e-04
 -7.9314603e-04 -4.2976500e-04 -9.9063315e-04 -5.6669174e-04
  1.3864929e-03 -1.5115621e-04 -1.3755024e-03 -7.5706288e-05
 -9.8263915e-04 -1.5874833e-03 -1.4977610e-03  2.4414685e-04
 -1.5749385e-04  8.7336928e-04 -6.4266217e-04  1.7210863e-03
 -1.1763179e-03  5.7888235e-04  3.5957055e-04 -1.3033181e-03
  3.9965435e-04 -2.1945850e-04 -6.2662747e-04 -2.7502445e-04
 -1.5900470e-03 -8.7367749e-04  1.2742578e-03 -1.5781167e-03
 -7.7918964e-04 -8.0116058e-04 -1.4913689e-03  1.4092899e-03
  1.3079606e-04 -1.0739352e-03  8.4816309e-04 -1.4289654e-03
 -1.5179655e-03 -3.9885609e-04 -6.9308648e-04 -2.3013417e-04
  1.0861232e-03  4.3131402e-04  6.6810363e-04 -1.0572193e-03
  1.3218105e-03  1.3147270e-03  1.2401532e-03  5.2711059e-04
  1.4323550e-03  4.4698812e-04  1.3663272e-03  7.6557975e-04
  1.6717965e-03 -8.7815180e-04 -1.4303642e-04 -1.5727547e-03
 -1.1980414e-03  1.4879922e-03 -1.3119441e-03 -1.1631923e-03
 -6.2770455e-04 -1.3480110e-03 -1.5026000e-03  3.2516832e-06
  1.0843229e-03 -4.1160401e-04  1.4921111e-03  1.5937047e-03
 -2.4510443e-04  9.0012804e-04  2.7509828e-04  1.3663993e-03
 -1.5384216e-03  3.5178234e-04  1.1253272e-03 -1.1270804e-03
  5.5140909e-04 -6.2144088e-04  8.5781101e-04  3.1549725e-04
 -1.4236115e-03  3.6246341e-04 -6.0356583e-04 -8.3186623e-04
 -7.9995696e-04  1.1266535e-04 -1.7719141e-03 -2.3028115e-05
  1.4710636e-03  1.5728856e-03  1.1236855e-03  1.3937198e-03
 -8.7698986e-04  7.6944876e-04 -1.5428270e-03  8.8811200e-04
  5.0003396e-04 -1.1824226e-03 -1.1578150e-03 -1.1602415e-03
 -4.0239691e-05  1.1606629e-03 -4.5323360e-04  1.8929297e-04
  1.6272725e-03 -1.2595014e-03 -8.8912185e-04 -1.5374984e-03
 -1.6689082e-04 -1.3817183e-03 -1.0262348e-03  5.3443958e-04
  1.2589424e-03 -1.4367985e-03 -8.2142319e-04  1.6783598e-03
  2.6920316e-04  9.9902635e-04 -8.8155677e-04 -9.5555210e-04
  1.0936368e-03  6.8913749e-04  7.2140788e-04  1.3179478e-03
  1.1511823e-03 -9.1869806e-05 -5.0264960e-05  1.0942115e-03
  6.7261769e-04 -7.7424449e-04  1.3326554e-03 -7.6067436e-04
 -3.0313586e-04  1.1259349e-03 -1.5363527e-03 -1.5878511e-03
 -2.4494275e-05  1.2276680e-03  7.2206970e-04  1.4086406e-03
  1.6499467e-03  1.5692465e-03  7.1506982e-04 -3.8886862e-04
 -5.3314964e-04  1.4009234e-03  2.6642863e-04  2.2122228e-04
  1.5461746e-03  1.5821456e-03  7.2473520e-04  7.2032015e-04
  1.2581579e-03  4.9718437e-05 -1.3204820e-03  4.1745655e-04
  2.0365862e-04  3.6212799e-04 -6.4515066e-04 -1.2102431e-04
  1.1953708e-03 -4.2853961e-04 -5.5930082e-04 -1.0512020e-03
 -9.8632408e-05 -1.0597284e-03 -1.4873969e-04 -6.4454757e-04
 -1.3736987e-03 -3.5316887e-04  6.7711336e-04  1.4508504e-03
  1.5499645e-03  1.1793274e-03  1.4460459e-03 -1.6444169e-04
  2.1371663e-04 -1.1670068e-03 -1.4572999e-04 -3.6169097e-04
  5.1959633e-04 -6.6992576e-04 -7.4223557e-04  1.5065608e-04
  1.4073619e-03 -7.8639842e-04  1.3416694e-03 -5.3724024e-04
  1.9616653e-04  8.9991913e-04 -5.3098604e-05  1.0765158e-03
 -1.5909657e-03  1.5952805e-03 -2.3788246e-04 -1.1587394e-03
  1.1013703e-03 -3.5567663e-04 -5.8016524e-04  8.0345315e-05
  1.3536046e-04 -1.7086646e-03 -1.1710813e-03 -1.6151381e-03
 -6.2940863e-04 -7.8124943e-04 -9.9170080e-04 -1.5127121e-03
 -4.0787825e-05  2.3939344e-04 -7.0121640e-04 -1.2395533e-03
  1.6341940e-03  2.5532243e-04  9.7590068e-04  2.0175769e-04
  1.1366233e-03 -1.0228708e-04 -2.6112213e-04  1.2137661e-03
 -1.5065586e-03 -1.5741981e-03  3.9944728e-04 -1.3005278e-03
 -1.6540337e-03 -1.1704788e-03  1.3325859e-03 -1.2969470e-03
 -7.2615239e-04  1.0923529e-03 -1.5515944e-03 -1.5426223e-03]"
8,9.0,1.0,"[ 2.77390471e-04 -1.15122122e-03  5.93528734e-04 -1.44194244e-04
 -5.13211649e-04  1.24176766e-03  1.94183303e-04  5.31144731e-04
  8.43239031e-05  1.22322084e-03  1.12134928e-03 -1.03185826e-03
  2.71804474e-05  4.03882877e-04  1.63423276e-04 -1.22843694e-03
 -1.37458101e-03  6.61748520e-04  4.97596688e-04  1.23678590e-03
  1.20881625e-04  5.79460873e-04  7.29501655e-04 -2.16983419e-04
  3.29931383e-04 -1.59098371e-03  1.22341118e-03  1.52307446e-03
  1.28583156e-03 -2.24698757e-04 -1.40089724e-05 -1.99617440e-04
  1.00489811e-03 -7.30722619e-04 -1.36567149e-04  1.20908977e-03
  9.47997847e-04  7.91459868e-04  6.16274017e-04  1.68226217e-03
  6.09148774e-05  1.68174750e-03 -1.03376224e-03 -1.31652982e-03
 -4.76876448e-05  8.55609716e-04 -7.02555408e-04 -3.09740804e-04
  7.85878801e-04  7.68454847e-05 -1.44630845e-03 -6.35921373e-04
  1.42245239e-03 -8.41597095e-04  1.72703131e-03  7.74670189e-05
 -1.65932765e-03 -6.42922969e-05  4.26475453e-04 -1.27937493e-03
 -1.65920355e-03  5.64040092e-04  3.72490293e-04 -9.88246757e-04
  1.73184532e-03 -1.09105371e-03 -7.61277566e-04  1.47301427e-04
 -1.43931084e-03  1.50009431e-03 -1.65740761e-03 -1.14929909e-03
 -1.21417560e-03 -1.43910490e-03  3.03625420e-04  8.77490267e-04
 -8.59939202e-04 -4.69484716e-04  4.19188698e-04 -1.09570893e-03
 -1.52615400e-03  8.68601128e-05 -5.29680052e-04  1.29346049e-03
  7.87725658e-05 -9.67271219e-04 -1.27476756e-03 -9.92981717e-04
 -1.60869071e-03 -1.02823564e-04  7.16544280e-04  2.39543151e-04
  7.34434812e-04  1.49792212e-03  9.94917937e-04  1.41227967e-04
 -3.10125324e-04  9.85131919e-05  4.16341383e-04 -1.59486628e-03
 -1.28939748e-03  4.16825933e-04 -5.82181790e-04  1.41615618e-03
 -1.49297900e-03  1.14450383e-03 -3.39215854e-04  5.88055409e-04
 -1.52775482e-03  1.45568789e-04  9.46795219e-04 -2.24416115e-04
  3.68335284e-04  8.14205734e-04  1.58822269e-03  1.12548168e-03
 -9.19502985e-04  4.10728593e-04 -5.86583192e-05 -1.47370412e-03
 -1.15537515e-03 -1.07343716e-03  8.10190919e-04 -4.76072455e-04
  1.75722336e-04  1.26950198e-03  1.13123667e-03  4.41482225e-05
 -9.59544734e-04  3.21669417e-04  6.89615961e-04 -1.33033755e-04
  1.46665680e-03  1.35792617e-03 -7.31520820e-04 -5.23005088e-04
 -4.55686328e-04  6.60278311e-04 -6.19239523e-04 -4.41931945e-04
  6.18240854e-04 -1.51168136e-03  1.38058746e-03 -8.64503556e-04
  1.45621051e-03  1.12918101e-03 -1.45055249e-03 -6.77988501e-05
  1.28169882e-03 -1.59640273e-03 -1.31688884e-03 -5.72189747e-04
  1.04222680e-03 -1.33455521e-03 -7.93506508e-04  1.66438951e-03
  2.95772974e-04 -9.47240260e-05 -1.62962999e-03  1.57951971e-03
 -1.58126466e-03  1.26408529e-03  3.78963305e-04 -1.12106034e-03
 -1.40501768e-03  3.91366571e-04  1.20204804e-03 -8.54156562e-04
 -2.54948565e-04 -1.47603813e-03  1.08406565e-03  6.23428059e-05
  1.41571544e-03 -1.57168426e-03 -6.39004109e-04 -8.60872387e-04
 -6.58576610e-04  1.34655798e-03 -2.27018478e-04 -3.68697110e-05
 -1.31477788e-03  1.60452537e-03  9.86302039e-04  1.97920483e-04
 -1.16596045e-03 -4.92803578e-04  1.37524097e-04  1.22482399e-03
 -7.79178401e-04  1.01859638e-04 -5.01817092e-04 -2.74694030e-05
  3.62659746e-04  9.05795838e-04  2.80858338e-04 -7.26853032e-04
 -9.35611140e-04 -1.04722346e-03 -2.18594825e-04  8.91475123e-04
  1.48572796e-03 -1.50760257e-04  1.01995701e-03 -1.37349789e-03
  1.04672399e-05  1.58745272e-03 -1.01326930e-03 -1.99551476e-04
  1.64568459e-03 -2.27241937e-04  1.50294439e-03  1.00224628e-03
 -7.55521643e-04 -7.97330285e-04 -9.36104974e-04  1.51603448e-03
  7.01069890e-04  1.58076466e-03  8.10079742e-04 -9.62510530e-04
 -3.11596988e-04  1.55681814e-03 -6.48847345e-05  1.10891846e-03
  9.20597289e-04 -1.26483862e-03 -3.72241688e-04  1.26331171e-03
 -9.48300760e-04  6.76232856e-04  7.53119704e-04  5.53775404e-04
  8.85087415e-04  7.68406608e-04 -3.06968170e-04 -9.54434916e-04
 -5.61423192e-04  3.84880492e-04 -1.58314896e-03  8.67979543e-04
  1.19437173e-03  2.91232951e-04 -7.23088451e-04 -1.23458484e-03
 -5.47798816e-04 -3.80470388e-04  6.52070972e-04  4.67690028e-04
  1.13946584e-03 -2.67077179e-04 -3.55587254e-04  9.60009755e-04
  1.62685302e-03 -1.10247941e-03  3.70926777e-04  1.31449185e-03
  1.09386188e-03  1.40614726e-03 -1.40548777e-03  4.92986001e-04
 -1.29743398e-03 -6.29177899e-04  1.41445349e-03  1.58954354e-03
  1.59836141e-03  1.06284278e-03  9.72880924e-04 -1.46742526e-03
 -3.20722087e-04 -1.13442936e-03  1.12207327e-03  2.73007347e-04
 -1.13288255e-03 -1.36379024e-03  1.65513007e-03  1.20964483e-03
  9.23475833e-04  1.18455326e-03  7.04695180e-04 -1.44910475e-03
  7.39045325e-04 -2.31609985e-04 -3.14537683e-05  1.22639944e-03
  3.50605958e-04 -2.42279930e-04  1.39212399e-03 -1.68203120e-03
 -9.98380943e-04 -1.80836760e-05  3.33284988e-04 -2.89776770e-04
  3.37226869e-04  1.13535985e-04  8.31526006e-04 -9.66352411e-04
 -8.01375951e-04  2.89348565e-04  6.27425557e-04  9.48080851e-04]"
9,10.0,1.0,"[-1.20075094e-03 -1.69397710e-04  1.03160353e-04 -5.64907132e-05
  3.13102646e-04 -6.41483522e-04 -1.62101933e-03  5.38405729e-04
  7.08390435e-05  6.51162933e-04  1.66382408e-03 -7.67478312e-04
  9.66438383e-04  9.77813266e-04 -1.01173646e-03  2.07130637e-04
  8.46417795e-04 -7.22597004e-04 -3.38429760e-04 -9.10197792e-04
 -9.11851414e-04  1.70034938e-03  5.80611289e-04 -1.17812818e-03
 -4.65777470e-04 -2.56071333e-04 -3.87047505e-04 -1.26163091e-03
 -1.66547473e-03 -5.61539608e-04  1.35372067e-03  4.20029537e-04
 -1.54102256e-03  1.26126106e-03 -9.65334300e-04  1.11805648e-03
 -1.12572056e-03  8.66237853e-04  8.61538691e-04  5.23324183e-04
  5.08452125e-04 -8.24910385e-05 -1.62856677e-03 -1.13506394e-03
  2.50288140e-04 -7.11061351e-04 -1.28083184e-05  1.48054410e-03
  3.49740003e-04 -2.29367593e-04  1.33982929e-03 -1.41775561e-03
 -7.23235426e-04 -8.47606105e-04 -3.56484321e-04 -8.96316371e-04
 -7.03793543e-04 -4.85962984e-04 -1.45342387e-03 -3.70265800e-04
  1.56175706e-03  2.71965837e-04 -4.68962826e-05  1.06190029e-03
  1.80372200e-03 -1.50740391e-03  4.85666067e-04 -6.64716121e-04
 -1.60310278e-03 -1.47516327e-03  3.80283775e-04 -1.48283888e-03
 -1.15426921e-03  1.21059804e-03  4.90299193e-04  1.46523444e-03
 -6.91047404e-04  7.66607467e-04 -1.69374165e-03  9.14573466e-05
 -9.62651975e-05 -6.30419410e-04  1.11410976e-03 -7.04744947e-04
  2.27758173e-05  1.17235119e-03 -1.27088220e-04 -1.01688574e-03
  6.92111847e-04  3.38582584e-04 -7.62469950e-04  1.48807443e-03
 -1.52901921e-03 -1.29651779e-03 -1.27892196e-03 -9.79312928e-04
 -8.98615748e-04  4.33195179e-04  5.83629007e-04 -8.31055047e-04
 -4.81174036e-04  1.25519850e-03  1.18161051e-03  1.44029746e-03
 -5.00602298e-04 -3.61824495e-05 -3.30187700e-04 -1.11647598e-04
  1.54701457e-03  1.41506433e-03  1.16734486e-03 -1.69001264e-03
  9.47416353e-04  7.34436326e-05 -6.37207646e-04  5.19068853e-04
 -1.60539418e-03  7.86304299e-04  1.55240344e-03 -1.33710203e-03
 -1.67700375e-04 -1.08310650e-03  1.54302805e-03  4.04011516e-04
 -5.70440432e-04  1.13968155e-03  2.44938099e-04  1.08524144e-03
  1.24518282e-03 -1.24859577e-03  1.54555845e-03  3.64004896e-04
 -8.25043244e-04 -1.73832639e-04  4.92188614e-04 -8.44213762e-04
  1.54108251e-03 -1.16695242e-03  3.75363190e-04 -5.61252935e-04
 -1.15606599e-04 -1.36489223e-03 -9.49060952e-04 -1.26265048e-03
 -2.03496995e-04 -1.58696959e-03 -1.54028647e-03 -1.73613802e-03
 -1.44384976e-03  7.59667659e-04  2.02172043e-04  6.40749058e-04
  1.23393169e-04  1.63729116e-03  5.83986985e-04 -1.23579195e-03
 -5.39251021e-04 -1.66544248e-03  7.09969434e-04 -3.34498065e-04
  1.34505844e-03  6.70064182e-04  1.42005435e-03  5.29532845e-04
  8.10062775e-05  1.66756072e-04  8.70689808e-04  9.04805260e-04
 -9.72244947e-04  1.16651622e-03 -1.45032571e-03 -1.48944068e-03
  8.14508181e-04 -1.19986362e-03  1.54896814e-03  1.25238497e-03
 -3.40032566e-04 -1.28764380e-03  6.89115041e-05 -9.51349328e-04
  7.74962245e-04 -1.80421965e-04  9.43276798e-04  3.77888820e-04
 -3.08147632e-04 -2.20432703e-04 -3.21914908e-04 -1.47562567e-03
 -1.42936094e-03 -1.41312508e-03  1.47193822e-03 -7.33325840e-04
  7.18270720e-04  2.95787380e-04  3.86090614e-05  8.68037867e-04
 -7.82689895e-05 -8.23130191e-04 -1.09738845e-03 -1.02409314e-04
 -7.80906994e-04 -1.07119919e-03 -6.26286143e-04  1.23180088e-03
  3.58946971e-04 -2.74286664e-04  1.62058917e-03 -5.67256182e-04
 -6.43425388e-04 -9.10585979e-04  1.26863283e-03 -1.31335331e-03
  1.16503413e-03  2.09390666e-04 -1.08334236e-03  1.10567990e-03
  7.51301879e-04  1.47630184e-04  8.87354894e-04 -1.48999644e-03
 -1.60721398e-03  9.02393833e-04 -9.37259392e-05 -1.38974725e-03
  8.84391775e-04 -9.28369234e-04  4.41580341e-04  9.59025230e-04
 -9.27651941e-04 -1.64654432e-03 -4.04106569e-04 -1.65818643e-03
  1.00410008e-03 -1.42372132e-03 -1.13385636e-03 -1.89819275e-05
  1.33524381e-03 -1.02200615e-03  7.14376161e-04  1.29589788e-03
 -9.13679251e-04  1.07960333e-03  9.88885804e-05  1.09554862e-03
 -4.47176280e-04  9.05959168e-04 -1.75124418e-03  1.44259597e-04
 -1.56020140e-03 -6.87381544e-04 -7.03004363e-04  1.34638126e-03
 -7.41146272e-04 -1.00149261e-03  1.69054826e-03  1.07455696e-03
 -3.89005931e-04  8.57633597e-04  7.36990303e-04  1.06782839e-03
 -9.47206165e-04  5.44171256e-04 -4.71476698e-04  7.39906623e-04
  6.14944438e-04  1.25613378e-03  3.32444877e-04 -1.66011846e-03
 -2.87815055e-04 -1.19185797e-03  4.78943461e-04 -1.14558928e-03
  7.36623944e-04  1.24946481e-03  7.80500413e-04 -8.78703082e-04
  1.61445653e-03 -1.55553571e-04 -3.16570251e-04  8.19278124e-04
  8.11336620e-04  3.00346263e-04  4.10793000e-04  8.19670444e-04
  2.46475800e-04  8.18846092e-05  1.44911814e-03 -1.18767819e-03
 -1.37950992e-03  4.46854625e-04  1.24703185e-03 -1.13366528e-04
 -5.09222271e-04  1.21144857e-03  1.56378478e-03 -3.61273676e-04
  1.02107821e-03 -8.59792170e-04 -1.55474117e-04  7.01412675e-04]"
