,ID,fake_news
0,1,1
1,2,1
2,3,1
3,4,1
4,5,1
5,6,1
6,7,1
7,8,1
8,9,1
9,10,1
10,11,1
11,12,1
12,13,1
13,14,1
14,15,1
15,16,1
16,17,1
17,18,1
18,19,1
19,20,1
20,21,1
21,22,1
22,23,1
23,24,1
24,25,1
25,26,1
26,27,1
27,28,1
28,29,1
29,30,1
30,31,1
31,32,1
32,33,1
33,34,1
34,35,1
35,36,1
36,37,1
37,38,1
38,39,1
39,40,1
40,41,1
41,42,1
42,43,1
43,44,1
44,45,1
45,46,1
46,47,1
47,48,1
48,49,1
49,50,1
50,51,1
51,52,1
52,53,1
53,54,1
54,55,1
55,56,1
56,57,1
57,58,1
58,59,1
59,60,1
60,61,1
61,62,1
62,63,1
63,64,1
64,65,1
65,66,1
66,67,1
67,68,1
68,69,1
69,70,1
70,71,1
71,72,1
72,73,1
73,74,1
74,75,1
75,76,1
76,77,1
77,78,1
78,79,1
79,80,1
80,81,1
81,82,1
82,83,1
83,84,1
84,85,1
85,86,1
86,87,1
87,88,1
88,89,1
89,90,1
90,91,1
91,92,1
92,93,1
93,94,1
94,95,1
95,96,1
96,97,1
97,98,1
98,99,1
99,100,1
100,101,1
101,102,1
102,103,1
103,104,1
104,105,1
105,106,1
106,107,1
107,108,1
108,109,1
109,110,1
110,111,1
111,112,1
112,113,1
113,114,1
114,115,1
115,116,1
116,117,1
117,118,1
118,119,1
119,120,1
120,121,1
121,122,1
122,123,1
123,124,1
124,125,1
125,126,1
126,127,1
127,128,1
128,129,1
129,130,1
130,131,1
131,132,1
132,133,1
133,134,1
134,135,1
135,136,1
136,137,1
137,138,1
138,139,1
139,140,1
140,141,1
141,142,1
142,143,1
143,144,1
144,145,1
145,146,1
146,147,1
147,148,1
148,149,1
149,150,1
150,151,1
151,152,1
152,153,1
153,154,1
154,155,1
155,156,1
156,157,1
157,158,1
158,159,1
159,160,1
160,161,1
161,162,1
162,163,1
163,164,1
164,165,1
165,166,1
166,167,1
167,168,1
168,169,1
169,170,1
170,171,1
171,172,1
172,173,1
173,174,1
174,175,1
175,176,1
176,177,1
177,178,1
178,179,1
179,180,1
180,181,1
181,182,1
182,183,1
183,184,1
184,185,1
185,186,1
186,187,1
187,188,1
188,189,1
189,190,1
190,191,1
191,192,1
192,193,1
193,194,1
194,195,1
195,196,1
196,197,1
197,198,1
198,199,1
199,200,1
200,201,1
201,202,1
202,203,1
203,204,1
204,205,1
205,206,1
206,207,1
207,208,1
208,209,1
209,210,1
210,211,1
211,212,1
212,213,1
213,214,1
214,215,1
215,216,1
216,217,1
217,218,1
218,219,1
219,220,1
220,221,1
221,222,1
222,223,1
223,224,1
224,225,1
225,226,1
226,227,1
227,228,1
228,229,1
229,230,1
230,231,1
231,232,1
232,233,1
233,234,1
234,235,1
235,236,1
236,237,1
237,238,1
238,239,1
239,240,1
240,241,1
241,242,1
242,243,1
243,244,1
244,245,1
245,246,1
246,247,1
247,248,1
248,249,1
249,250,1
250,251,1
251,252,1
252,253,1
253,254,1
254,255,1
255,256,1
256,257,1
257,258,1
258,259,1
259,260,1
260,261,1
261,262,1
262,263,1
263,264,1
264,265,1
265,266,1
266,267,1
267,268,1
268,269,1
269,270,1
270,271,1
271,272,1
272,273,1
273,274,1
274,275,1
275,276,1
276,277,1
277,278,1
278,279,1
279,280,1
280,281,1
281,282,1
282,283,1
283,284,1
284,285,1
285,286,1
286,287,1
287,288,1
288,289,1
289,290,1
290,291,1
291,292,1
292,293,1
293,294,1
294,295,1
295,296,1
296,297,1
297,298,1
298,299,1
299,300,1
300,301,1
301,302,1
302,303,1
303,304,1
304,305,1
305,306,1
306,307,1
307,308,1
308,309,1
309,310,1
310,311,1
311,312,1
312,313,1
313,314,1
314,315,1
315,316,1
316,317,1
317,318,1
318,319,1
319,320,1
320,321,1
321,322,1
322,323,1
323,324,1
324,325,1
325,326,1
326,327,1
327,328,1
328,329,1
329,330,1
330,331,1
331,332,1
332,333,1
333,334,1
334,335,1
335,336,1
336,337,1
337,338,1
338,339,1
339,340,1
340,341,1
341,342,1
342,343,1
343,344,1
344,345,1
345,346,1
346,347,1
347,348,1
348,349,1
349,350,1
350,351,1
351,352,1
352,353,1
353,354,1
354,355,1
355,356,1
356,357,1
357,358,1
358,359,1
359,360,1
360,361,1
361,362,1
362,363,1
363,364,1
364,365,1
365,366,1
366,367,1
367,368,1
368,369,1
369,370,1
370,371,1
371,372,1
372,373,1
373,374,1
374,375,1
375,376,1
376,377,1
377,378,1
378,379,1
379,380,1
380,381,1
381,382,1
382,383,1
383,384,1
384,385,1
385,386,1
386,387,1
387,388,1
388,389,1
389,390,1
390,391,1
391,392,1
392,393,1
393,394,1
394,395,1
395,396,1
396,397,1
397,398,1
398,399,1
399,400,1
400,401,1
401,402,1
402,403,1
403,404,1
404,405,1
405,406,1
406,407,1
407,408,1
408,409,1
409,410,1
410,411,1
411,412,1
412,413,1
413,414,1
414,415,1
415,416,1
416,417,1
417,418,1
418,419,1
419,420,1
420,421,1
421,422,1
422,423,1
423,424,1
424,425,1
425,426,1
426,427,1
427,428,1
428,429,1
429,430,1
430,431,1
431,432,1
432,433,1
433,434,1
434,435,1
435,436,1
436,437,1
437,438,1
438,439,1
439,440,1
440,441,1
441,442,1
442,443,1
443,444,1
444,445,1
445,446,1
446,447,1
447,448,1
448,449,1
449,450,1
450,451,1
451,452,1
452,453,1
453,454,1
454,455,1
455,456,1
456,457,1
457,458,1
458,459,1
459,460,1
460,461,1
461,462,1
462,463,1
463,464,1
464,465,1
465,466,1
466,467,1
467,468,1
468,469,1
469,470,1
470,471,1
471,472,1
472,473,1
473,474,1
474,475,1
475,476,1
476,477,1
477,478,1
478,479,1
479,480,1
480,481,1
481,482,1
482,483,1
483,484,1
484,485,1
485,486,1
486,487,1
487,488,1
488,489,1
489,490,1
490,491,1
491,492,1
492,493,1
493,494,1
494,495,1
495,496,1
496,497,1
497,498,1
498,499,1
499,500,1
500,501,1
501,502,1
502,503,1
503,504,1
504,505,1
505,506,1
506,507,1
507,508,1
508,509,1
509,510,1
510,511,1
511,512,1
512,513,1
513,514,1
514,515,1
515,516,1
516,517,1
517,518,1
518,519,1
519,520,1
520,521,1
521,522,1
522,523,1
523,524,1
524,525,1
525,526,1
526,527,1
527,528,1
528,529,1
529,530,1
530,531,1
531,532,1
532,533,1
533,534,1
534,535,1
535,536,1
536,537,1
537,538,1
538,539,1
539,540,1
540,541,1
541,542,1
542,543,1
543,544,1
544,545,1
545,546,1
546,547,1
547,548,1
548,549,1
549,550,1
550,551,1
551,552,1
552,553,1
553,554,1
554,555,1
555,556,1
556,557,1
557,558,1
558,559,1
559,560,1
560,561,1
561,562,1
562,563,1
563,564,1
564,565,1
565,566,1
566,567,1
567,568,1
568,569,1
569,570,1
570,571,1
571,572,1
572,573,1
573,574,1
574,575,1
575,576,1
576,577,1
577,578,1
578,579,1
579,580,1
580,581,1
581,582,1
582,583,1
583,584,1
584,585,1
585,586,1
586,587,1
587,588,1
588,589,1
589,590,1
590,591,1
591,592,1
592,593,1
593,594,1
594,595,1
595,596,1
596,597,1
597,598,1
598,599,1
599,600,1
600,601,1
601,602,1
602,603,1
603,604,1
604,605,1
605,606,1
606,607,1
607,608,1
608,609,1
609,610,1
610,611,1
611,612,1
612,613,1
613,614,1
614,615,1
615,616,1
616,617,1
617,618,1
618,619,1
619,620,1
620,621,1
621,622,1
622,623,1
623,624,1
624,625,1
625,626,1
626,627,1
627,628,1
628,629,1
629,630,1
630,631,1
631,632,1
632,633,1
633,634,1
634,635,1
635,636,1
636,637,1
637,638,1
638,639,1
639,640,1
640,641,1
641,642,1
642,643,1
643,644,1
644,645,1
645,646,1
646,647,1
647,648,1
648,649,1
649,650,1
650,651,1
651,652,1
652,653,1
653,654,1
654,655,1
655,656,1
656,657,1
657,658,1
658,659,1
659,660,1
660,661,1
661,662,1
662,663,1
663,664,1
664,665,1
665,666,1
666,667,1
667,668,1
668,669,1
669,670,1
670,671,1
671,672,1
672,673,1
673,674,1
674,675,1
675,676,1
676,677,1
677,678,1
678,679,1
679,680,1
680,681,1
681,682,1
682,683,1
683,684,1
684,685,1
685,686,1
686,687,1
687,688,1
688,689,1
689,690,1
690,691,1
691,692,1
692,693,1
693,694,1
694,695,1
695,696,1
696,698,1
697,699,1
698,700,1
699,701,1
700,702,1
701,703,1
702,704,1
703,705,1
704,706,1
705,707,1
706,708,1
707,709,1
708,710,1
709,711,1
710,712,1
711,713,1
712,714,1
713,715,1
714,716,1
715,717,1
716,718,1
717,719,1
718,720,1
719,721,1
720,722,1
721,723,1
722,724,1
723,725,1
724,726,1
725,727,1
726,728,1
727,729,1
728,730,1
729,731,1
730,732,1
731,733,1
732,734,1
733,735,1
734,736,1
735,737,1
736,738,1
737,739,1
738,740,1
739,741,1
740,742,1
741,743,1
742,744,1
743,745,1
744,746,1
745,747,1
746,748,1
747,749,1
748,750,1
749,751,1
750,752,1
751,753,1
752,754,1
753,755,1
754,756,1
755,757,1
756,758,1
757,759,1
758,760,1
759,761,1
760,762,1
761,763,1
762,764,1
763,765,1
764,766,1
765,767,1
766,768,1
767,769,1
768,770,1
769,771,1
770,772,1
771,773,1
772,774,1
773,775,1
774,776,1
775,777,1
776,778,1
777,779,1
778,780,1
779,781,1
780,782,1
781,783,1
782,784,1
783,785,1
784,786,1
785,787,1
786,788,1
787,789,1
788,790,1
789,791,1
790,792,1
791,793,1
792,794,1
793,795,1
794,796,1
795,797,1
796,798,1
797,799,1
798,800,1
799,801,1
800,802,1
801,803,1
802,804,1
803,805,1
804,806,1
805,807,1
806,808,1
807,809,1
808,810,1
809,811,1
810,812,1
811,813,1
812,814,1
813,815,1
814,816,1
815,817,1
816,818,1
817,819,1
818,820,1
819,821,1
820,822,1
821,823,1
822,824,1
823,825,1
824,826,1
825,827,1
826,828,1
827,829,1
828,830,1
829,831,1
830,832,1
831,833,1
832,834,1
833,835,1
834,836,1
835,837,1
836,838,1
837,839,1
838,840,1
839,841,1
840,842,1
841,843,1
842,844,1
843,845,1
844,846,1
845,847,1
846,848,1
847,849,1
848,850,1
849,851,1
850,852,1
851,853,1
852,854,1
853,855,1
854,856,1
855,857,1
856,858,1
857,859,1
858,860,1
859,861,1
860,862,1
861,863,1
862,864,1
863,865,1
864,866,1
865,867,1
866,868,1
867,869,1
868,870,1
869,871,1
870,872,1
871,873,1
872,874,1
873,875,1
874,876,1
875,877,1
876,878,1
877,879,1
878,880,1
879,881,1
880,882,1
881,883,1
882,884,1
883,885,1
884,886,1
885,887,1
886,888,1
887,889,1
888,890,1
889,891,1
890,892,1
891,893,1
892,894,1
893,895,1
894,896,1
895,897,1
896,898,1
897,899,1
898,900,1
899,901,1
900,902,1
901,903,1
902,904,1
903,905,1
904,906,1
905,907,1
906,908,1
907,909,1
908,910,1
909,911,1
910,912,1
911,913,1
912,914,1
913,915,1
914,916,1
915,917,1
916,918,1
917,919,1
918,920,1
919,921,1
920,922,1
921,923,1
922,924,1
923,925,1
924,926,1
925,927,1
926,928,1
927,929,1
928,930,1
929,931,1
930,932,1
931,933,1
932,934,1
933,935,1
934,936,1
935,937,1
936,938,1
937,939,1
938,940,1
939,941,1
940,942,1
941,943,1
942,944,1
943,945,1
944,946,1
945,947,1
946,948,1
947,949,1
948,950,1
949,951,1
950,952,1
951,953,1
952,954,1
953,955,1
954,956,1
955,957,1
956,958,1
957,959,1
958,960,1
959,961,1
960,962,1
961,963,1
962,964,1
963,965,1
964,966,1
965,967,1
966,968,1
967,969,1
968,970,1
969,971,1
970,972,1
971,973,1
972,974,1
973,975,1
974,976,1
975,977,1
976,978,1
977,979,1
978,980,1
979,981,1
980,982,1
981,983,1
982,984,1
983,985,1
984,986,1
985,987,1
986,988,1
987,989,1
988,990,1
989,991,1
990,992,1
991,993,1
992,994,1
993,995,1
994,996,1
995,997,1
996,998,1
997,999,1
998,1000,1
999,1001,1
1000,1002,1
1001,1003,1
1002,1004,1
1003,1005,1
1004,1006,1
1005,1007,1
1006,1008,1
1007,1009,1
1008,1010,1
1009,1011,1
1010,1012,1
1011,1013,1
1012,1014,1
1013,1015,1
1014,1016,1
1015,1017,1
1016,1018,1
1017,1019,1
1018,1020,1
1019,1021,1
1020,1022,1
1021,1023,1
1022,1024,1
1023,1025,1
1024,1026,1
1025,1027,1
1026,1028,1
1027,1029,1
1028,1030,1
1029,1031,1
1030,1032,1
1031,1033,1
1032,1034,1
1033,1035,1
1034,1036,1
1035,1037,1
1036,1038,1
1037,1039,1
1038,1040,1
1039,1041,1
1040,1042,1
1041,1043,1
1042,1044,1
1043,1045,1
1044,1046,1
1045,1047,1
1046,1048,1
1047,1049,1
1048,1050,1
1049,1051,1
1050,1052,1
1051,1053,1
1052,1054,1
1053,1055,1
1054,1056,1
1055,1057,1
1056,1058,1
1057,1059,1
1058,1060,1
1059,1061,1
1060,1062,1
1061,1063,1
1062,1064,1
1063,1065,1
1064,1066,1
1065,1067,1
1066,1068,1
1067,1069,1
1068,1070,1
1069,1071,1
1070,1072,1
1071,1073,1
1072,1074,1
1073,1075,1
1074,1076,1
1075,1077,1
1076,1078,1
1077,1079,1
1078,1080,1
1079,1081,1
1080,1082,1
1081,1083,1
1082,1084,1
1083,1085,1
1084,1086,1
1085,1087,1
1086,1088,1
1087,1089,1
1088,1090,1
1089,1091,1
1090,1092,1
1091,1093,1
1092,1094,1
1093,1095,1
1094,1096,1
1095,1097,1
1096,1098,1
1097,1099,1
1098,1100,1
1099,1101,1
1100,1102,1
1101,1103,1
1102,1104,1
1103,1105,1
1104,1106,1
1105,1107,1
1106,1108,1
1107,1109,1
1108,1110,1
1109,1111,1
1110,1112,1
1111,1113,1
1112,1114,1
1113,1115,1
1114,1116,1
1115,1117,1
1116,1118,1
1117,1119,1
1118,1120,1
1119,1121,1
1120,1122,1
1121,1123,1
1122,1124,1
1123,1125,1
1124,1126,1
1125,1127,1
1126,1128,1
1127,1129,1
1128,1130,1
1129,1131,1
1130,1132,1
1131,1133,1
1132,1134,1
1133,1135,1
1134,1136,1
1135,1137,1
1136,1138,1
1137,1139,1
1138,1140,1
1139,1141,1
1140,1142,1
1141,1143,1
1142,1144,1
1143,1145,1
1144,1146,1
1145,1147,1
1146,1148,1
1147,1149,1
1148,1150,1
1149,1151,1
1150,1152,1
1151,1153,1
1152,1154,1
1153,1155,1
1154,1156,1
1155,1157,1
1156,1158,1
1157,1159,1
1158,1160,1
1159,1161,1
1160,1162,1
1161,1163,1
1162,1164,1
1163,1165,1
1164,1166,1
1165,1167,1
1166,1168,1
1167,1169,1
1168,1170,1
1169,1171,1
1170,1172,1
1171,1173,1
1172,1174,1
1173,1175,1
1174,1176,1
1175,1177,1
1176,1178,1
1177,1179,1
1178,1180,1
1179,1181,1
1180,1182,1
1181,1183,1
1182,1184,1
1183,1185,1
1184,1186,1
1185,1187,1
1186,1188,1
1187,1189,1
1188,1190,1
1189,1191,1
1190,1192,1
1191,1193,1
1192,1194,1
1193,1195,1
1194,1196,1
1195,1197,1
1196,1198,1
1197,1199,1
1198,1200,1
1199,1201,1
1200,1202,1
1201,1203,1
1202,1204,1
1203,1205,1
1204,1206,1
1205,1207,1
1206,1208,1
1207,1209,1
1208,1210,1
1209,1211,1
1210,1212,1
1211,1213,1
1212,1214,1
1213,1215,1
1214,1216,1
1215,1217,1
1216,1218,1
1217,1219,1
1218,1220,1
1219,1221,1
1220,1222,1
1221,1223,1
1222,1224,1
1223,1225,1
1224,1226,1
1225,1227,1
1226,1228,1
1227,1229,1
1228,1230,1
1229,1231,1
1230,1232,1
1231,1233,1
1232,1234,1
1233,1235,1
1234,1236,1
1235,1237,1
1236,1238,1
1237,1239,1
1238,1240,1
1239,1241,1
1240,1242,1
1241,1243,1
1242,1244,1
1243,1245,1
1244,1246,1
1245,1247,1
1246,1248,1
1247,1249,1
1248,1250,1
1249,1251,1
1250,1252,1
1251,1253,1
1252,1254,1
1253,1255,1
1254,1256,1
1255,1257,1
1256,1258,1
1257,1259,1
1258,1260,1
1259,1261,1
1260,1262,1
1261,1263,1
1262,1264,1
1263,1265,1
1264,1266,1
1265,1267,1
1266,1268,1
1267,1269,1
1268,1270,1
1269,1271,1
1270,1272,1
1271,1273,1
1272,1274,1
1273,1275,1
1274,1276,1
1275,1277,1
1276,1278,1
1277,1279,1
1278,1280,1
1279,1281,1
1280,1282,1
1281,1283,1
1282,1284,1
1283,1285,1
1284,1286,1
1285,1287,1
1286,1288,1
1287,1289,1
1288,1290,1
1289,1291,1
1290,1292,1
1291,1293,1
1292,1294,1
1293,1295,1
1294,1296,1
1295,1297,1
1296,1298,1
1297,1299,1
1298,1300,1
1299,1301,1
1300,1302,1
1301,1303,1
1302,1304,1
1303,1305,1
1304,1306,1
1305,1307,1
1306,1308,1
1307,1309,1
1308,1310,1
1309,1311,1
1310,1312,1
1311,1313,1
1312,1314,1
1313,1315,1
1314,1316,1
1315,1317,1
1316,1318,1
1317,1319,1
1318,1320,1
1319,1321,1
1320,1322,1
1321,1323,1
1322,1324,1
1323,1325,1
1324,1326,1
1325,1327,1
1326,1328,1
1327,1329,1
1328,1330,1
1329,1331,1
1330,1332,1
1331,1333,1
1332,1334,1
1333,1335,1
1334,1336,1
1335,1337,1
1336,1338,1
1337,1339,1
1338,1340,1
1339,1341,1
1340,1342,1
1341,1343,1
1342,1344,1
1343,1345,1
1344,1346,1
1345,1347,1
1346,1348,1
1347,1349,1
1348,1350,1
1349,1351,1
1350,1352,1
1351,1353,1
1352,1354,1
1353,1355,1
1354,1356,1
1355,1357,1
1356,1358,1
1357,1359,1
1358,1360,1
1359,1361,1
1360,1362,1
1361,1363,1
1362,1364,1
1363,1365,1
1364,1366,1
1365,1367,1
1366,1368,1
1367,1369,1
1368,1370,1
1369,1371,1
1370,1372,1
1371,1373,1
1372,1374,1
1373,1375,1
1374,1376,1
1375,1377,1
1376,1378,1
1377,1379,1
1378,1380,1
1379,1381,1
1380,1382,1
1381,1383,1
1382,1384,1
1383,1385,1
1384,1386,1
1385,1387,1
1386,1388,1
1387,1389,1
1388,1390,1
1389,1391,1
1390,1392,1
1391,1393,1
1392,1394,1
1393,1395,1
1394,1396,1
1395,1397,1
1396,1398,1
1397,1399,1
1398,1400,1
1399,1401,1
1400,1402,1
1401,1403,1
1402,1404,1
1403,1405,1
1404,1406,1
1405,1407,1
1406,1408,1
1407,1409,1
1408,1410,1
1409,1411,1
1410,1412,1
1411,1413,1
1412,1414,1
1413,1415,1
1414,1416,1
1415,1417,1
1416,1418,1
1417,1419,1
1418,1420,1
1419,1421,1
1420,1422,1
1421,1423,1
1422,1424,1
1423,1425,1
1424,1426,1
1425,1427,1
1426,1428,1
1427,1429,1
1428,1430,1
1429,1431,1
1430,1432,1
1431,1433,1
1432,1434,1
1433,1435,1
1434,1436,1
1435,1437,1
1436,1438,1
1437,1439,1
1438,1440,1
1439,1441,1
1440,1442,1
1441,1443,1
1442,1444,1
1443,1445,1
1444,1446,1
1445,1447,1
1446,1448,1
1447,1449,1
1448,1450,1
1449,1451,1
1450,1452,1
1451,1453,1
1452,1454,1
1453,1455,1
1454,1456,1
1455,1457,1
1456,1458,1
1457,1459,1
1458,1460,1
1459,1461,1
1460,1462,1
1461,1463,1
1462,1464,1
1463,1465,1
1464,1466,1
1465,1467,1
1466,1469,1
1467,1470,1
1468,1471,1
1469,1472,1
1470,1473,1
1471,1474,1
1472,1475,1
1473,1476,1
1474,1477,1
1475,1478,1
1476,1479,1
1477,1480,1
1478,1481,1
1479,1482,1
1480,1483,1
1481,1484,1
1482,1485,1
1483,1486,1
1484,1487,1
1485,1488,1
1486,1489,1
1487,1490,1
1488,1491,1
1489,1492,1
1490,1493,1
1491,1494,1
1492,1495,1
1493,1496,1
1494,1497,1
1495,1498,1
1496,1499,1
1497,1500,1
1498,1501,1
1499,1502,1
1500,1503,1
1501,1504,1
1502,1505,1
1503,1506,1
1504,1507,1
1505,1508,1
1506,1509,1
1507,1510,1
1508,1511,1
1509,1512,1
1510,1513,1
1511,1514,1
1512,1515,1
1513,1516,1
1514,1517,1
1515,1518,1
1516,1519,1
1517,1520,1
1518,1521,1
1519,1522,1
1520,1523,1
1521,1524,1
1522,1525,1
1523,1526,1
1524,1527,1
1525,1528,1
1526,1529,1
1527,1530,1
1528,1531,1
1529,1532,1
1530,1533,1
1531,1534,1
1532,1535,1
1533,1536,1
1534,1537,1
1535,1538,1
1536,1539,1
1537,1540,1
1538,1541,1
1539,1542,1
1540,1543,1
1541,1544,1
1542,1545,1
1543,1546,1
1544,1547,1
1545,1548,1
1546,1549,1
1547,1550,1
1548,1551,1
1549,1552,1
1550,1553,1
1551,1554,1
1552,1555,1
1553,1556,1
1554,1557,1
1555,1558,1
1556,1559,1
1557,1560,1
1558,1561,1
1559,1562,1
1560,1563,1
1561,1564,1
1562,1565,1
1563,1566,1
1564,1567,1
1565,1568,1
1566,1569,1
1567,1570,1
1568,1571,1
1569,1572,1
1570,1573,1
1571,1574,1
1572,1575,1
1573,1576,1
1574,1577,1
1575,1578,1
1576,1579,1
1577,1580,1
1578,1581,1
1579,1582,1
1580,1583,1
1581,1584,1
1582,1585,1
1583,1586,1
1584,1587,1
1585,1588,1
1586,1589,1
1587,1590,1
1588,1591,1
1589,1592,1
1590,1593,1
1591,1594,1
1592,1595,1
1593,1596,1
1594,1597,1
1595,1598,1
1596,1599,1
1597,1600,1
1598,1601,1
1599,1602,1
1600,1603,1
1601,1604,1
1602,1605,1
1603,1606,1
1604,1607,1
1605,1608,1
1606,1609,1
1607,1610,1
1608,1611,1
1609,1612,1
1610,1613,1
1611,1614,1
1612,1615,1
1613,1616,1
1614,1617,1
1615,1618,1
1616,1619,1
1617,1620,1
1618,1621,1
1619,1622,1
1620,1623,1
1621,1624,1
1622,1625,1
1623,1626,1
1624,1627,1
1625,1628,1
1626,1629,1
1627,1630,1
1628,1631,1
1629,1632,1
1630,1633,1
1631,1634,1
1632,1635,1
1633,1636,1
1634,1637,1
1635,1638,1
1636,1639,1
1637,1640,1
1638,1641,1
1639,1642,1
1640,1643,1
1641,1644,1
1642,1645,1
1643,1646,1
1644,1647,1
1645,1648,1
1646,1649,1
1647,1650,1
1648,1651,1
1649,1652,1
1650,1653,1
1651,1654,1
1652,1655,1
1653,1656,1
1654,1657,1
1655,1658,1
1656,1659,1
1657,1660,1
1658,1661,1
1659,1662,1
1660,1663,1
1661,1664,1
1662,1665,1
1663,1666,1
1664,1667,1
1665,1668,1
1666,1669,1
1667,1670,1
1668,1671,1
1669,1672,1
1670,1673,1
1671,1674,1
1672,1675,1
1673,1676,1
1674,1677,1
1675,1678,1
1676,1679,1
1677,1680,1
1678,1681,1
1679,1682,1
1680,1683,1
1681,1684,1
1682,1685,1
1683,1686,1
1684,1687,1
1685,1688,1
1686,1689,1
1687,1690,1
1688,1691,1
1689,1692,1
1690,1693,1
1691,1694,1
1692,1695,1
1693,1696,1
1694,1697,1
1695,1698,1
1696,1699,1
1697,1700,1
1698,1701,1
1699,1702,1
1700,1703,1
1701,1704,1
1702,1705,1
1703,1706,1
1704,1707,1
1705,1708,1
1706,1709,1
1707,1710,1
1708,1711,1
1709,1712,1
1710,1713,1
1711,1714,1
1712,1715,1
1713,1716,1
1714,1717,1
1715,1718,1
1716,1719,1
1717,1720,1
1718,1721,1
1719,1722,1
1720,1723,1
1721,1724,1
1722,1725,1
1723,1726,1
1724,1727,1
1725,1728,1
1726,1729,1
1727,1730,1
1728,1731,1
1729,1732,1
1730,1733,1
1731,1734,1
1732,1735,1
1733,1736,1
1734,1737,1
1735,1738,1
1736,1739,1
1737,1740,1
1738,1741,1
1739,1742,1
1740,1743,1
1741,1744,1
1742,1745,1
1743,1746,1
1744,1747,1
1745,1748,1
1746,1749,1
1747,1750,1
1748,1751,1
1749,1752,1
1750,1753,1
1751,1754,1
1752,1755,1
1753,1756,1
1754,1757,1
1755,1758,1
1756,1759,1
1757,1760,1
1758,1761,1
1759,1762,1
1760,1763,1
1761,1764,1
1762,1765,1
1763,1766,1
1764,1767,1
1765,1768,1
1766,1769,1
1767,1770,1
1768,1771,1
1769,1772,1
1770,1773,1
1771,1774,1
1772,1775,1
1773,1776,1
1774,1777,1
1775,1778,1
1776,1779,1
1777,1780,1
1778,1781,1
1779,1782,1
1780,1783,1
1781,1784,1
1782,1785,1
1783,1786,1
1784,1787,1
1785,1788,1
1786,1789,1
1787,1790,1
1788,1791,1
1789,1792,1
1790,1793,1
1791,1794,1
1792,1795,1
1793,1796,1
1794,1797,1
1795,1798,1
1796,1799,1
1797,1800,1
1798,1801,1
1799,1802,1
1800,1803,1
1801,1804,1
1802,1805,1
1803,1806,1
1804,1807,1
1805,1808,1
1806,1809,1
1807,1810,1
1808,1811,1
1809,1812,1
1810,1813,1
1811,1814,1
1812,1815,1
1813,1816,1
1814,1817,1
1815,1818,1
1816,1819,1
1817,1820,1
1818,1821,1
1819,1822,1
1820,1823,1
1821,1824,1
1822,1825,1
1823,1826,1
1824,1827,1
1825,1828,1
1826,1829,1
1827,1830,1
1828,1831,1
1829,1832,1
1830,1833,1
1831,1834,1
1832,1835,1
1833,1836,1
1834,1837,1
1835,1838,1
1836,1839,1
1837,1840,1
1838,1841,1
1839,1842,1
1840,1843,1
1841,1844,1
1842,1845,1
1843,1846,1
1844,1847,1
1845,1848,1
1846,1849,1
1847,1850,1
1848,1851,1
1849,1852,1
1850,1853,1
1851,1854,1
1852,1855,1
1853,1856,1
1854,1857,1
1855,1858,1
1856,1859,1
1857,1860,1
1858,1861,1
1859,1862,1
1860,1863,1
1861,1864,1
1862,1865,1
1863,1866,1
1864,1867,1
1865,1868,1
1866,1869,1
1867,1870,1
1868,1871,1
1869,1872,1
1870,1873,1
1871,1874,1
1872,1875,1
1873,1876,1
1874,1877,1
1875,1878,1
1876,1879,1
1877,1880,1
1878,1881,1
1879,1882,1
1880,1883,1
1881,1884,1
1882,1885,1
1883,1886,1
1884,1887,1
1885,1888,1
1886,1889,1
1887,1890,1
1888,1891,1
1889,1892,1
1890,1893,1
1891,1894,1
1892,1895,1
1893,1896,1
1894,1897,1
1895,1898,1
1896,1899,1
1897,1900,1
1898,1901,1
1899,1902,1
1900,1903,1
1901,1904,1
1902,1905,1
1903,1906,1
1904,1907,1
1905,1908,1
1906,1909,1
1907,1910,1
1908,1911,1
1909,1912,1
1910,1913,1
1911,1914,1
1912,1915,1
1913,1916,1
1914,1917,1
1915,1918,1
1916,1919,1
1917,1920,1
1918,1921,1
1919,1922,1
1920,1923,1
1921,1924,1
1922,1925,1
1923,1926,1
1924,1927,1
1925,1928,1
1926,1929,1
1927,1930,1
1928,1931,1
1929,1932,1
1930,1933,1
1931,1934,1
1932,1935,1
1933,1936,1
1934,1937,1
1935,1938,1
1936,1939,1
1937,1940,1
1938,1941,1
1939,1942,1
1940,1943,1
1941,1944,1
1942,1945,1
1943,1946,1
1944,1947,1
1945,1948,1
1946,1949,1
1947,1950,1
1948,1951,1
1949,1952,1
1950,1953,1
1951,1954,1
1952,1955,1
1953,1956,1
1954,1957,1
1955,1958,1
1956,1959,1
1957,1960,1
1958,1961,1
1959,1962,1
1960,1963,1
1961,1964,1
1962,1965,1
1963,1966,1
1964,1967,1
1965,1968,1
1966,1969,1
1967,1970,1
1968,1971,1
1969,1972,1
1970,1973,1
1971,1974,1
1972,1975,1
1973,1976,1
1974,1977,1
1975,1978,1
1976,1979,1
1977,1980,1
1978,1981,1
1979,1982,1
1980,1983,1
1981,1984,1
1982,1985,1
1983,1986,1
1984,1987,1
1985,1988,1
1986,1989,1
1987,1990,1
1988,1991,1
1989,1992,1
1990,1993,1
1991,1994,1
1992,1995,1
1993,1996,1
1994,1997,1
1995,1998,1
1996,1999,1
1997,2000,1
1998,2001,1
1999,2002,1
2000,2003,1
2001,2004,1
2002,2005,1
2003,2006,1
2004,2007,1
2005,2008,1
2006,2009,1
2007,2010,1
2008,2011,1
2009,2012,1
2010,2013,1
2011,2014,1
2012,2015,1
2013,2016,1
2014,2017,1
2015,2018,1
2016,2019,1
2017,2020,1
2018,2021,1
2019,2022,1
2020,2023,1
2021,2024,1
2022,2025,1
2023,2026,1
2024,2027,1
2025,2028,1
2026,2029,1
2027,2030,1
2028,2031,1
2029,2032,1
2030,2033,1
2031,2034,1
2032,2035,1
2033,2036,1
2034,2037,1
2035,2038,1
2036,2039,1
2037,2040,1
2038,2041,1
2039,2042,1
2040,2043,1
2041,2044,1
2042,2045,1
2043,2046,1
2044,2047,1
2045,2048,1
2046,2049,1
2047,2050,1
2048,2051,1
2049,2052,1
2050,2053,1
2051,2054,1
2052,2055,1
2053,2056,1
2054,2057,1
2055,2058,1
2056,2059,1
2057,2060,1
2058,2061,1
2059,2062,1
2060,2063,1
2061,2064,1
2062,2065,1
2063,2066,1
2064,2067,1
2065,2068,1
2066,2069,1
2067,2070,1
2068,2071,1
2069,2072,1
2070,2073,1
2071,2074,1
2072,2075,1
2073,2076,1
2074,2077,1
2075,2078,1
2076,2079,1
2077,2080,1
2078,2081,1
2079,2082,1
2080,2083,1
2081,2084,1
2082,2085,1
2083,2086,1
2084,2087,1
2085,2088,1
2086,2089,1
2087,2090,1
2088,2091,1
2089,2092,1
2090,2093,1
2091,2094,1
2092,2095,1
2093,2096,1
2094,2097,1
2095,2098,1
2096,2099,1
2097,2100,1
2098,2101,1
2099,2102,1
2100,2103,1
2101,2104,1
2102,2105,1
2103,2106,1
2104,2107,1
2105,2108,1
2106,2109,1
2107,2110,1
2108,2111,1
2109,2112,1
2110,2113,1
2111,2114,1
2112,2115,1
2113,2116,1
2114,2117,1
2115,2118,1
2116,2119,1
2117,2120,1
2118,2121,1
2119,2122,1
2120,2123,1
2121,2124,1
2122,2125,1
2123,2126,1
2124,2127,1
2125,2128,1
2126,2129,1
2127,2130,1
2128,2131,1
2129,2132,1
2130,2133,1
2131,2134,1
2132,2135,1
2133,2136,1
2134,2137,1
2135,2138,1
2136,2139,1
2137,2140,1
2138,2141,1
2139,2142,1
2140,2143,1
2141,2144,1
2142,2145,1
2143,2146,1
2144,2147,1
2145,2148,1
2146,2149,1
2147,2150,1
2148,2151,1
2149,2152,1
2150,2153,1
2151,2154,1
2152,2155,1
2153,2156,1
2154,2157,1
2155,2158,1
2156,2159,1
2157,2160,1
2158,2161,1
2159,2162,1
2160,2163,1
2161,2164,1
2162,2165,1
2163,2166,1
2164,2167,1
2165,2168,1
2166,2169,1
2167,2170,1
2168,2171,1
2169,2172,1
2170,2173,1
2171,2174,1
2172,2175,1
2173,2176,1
2174,2177,1
2175,2178,1
2176,2179,1
2177,2180,1
2178,2181,1
2179,2182,1
2180,2183,1
2181,2184,1
2182,2185,1
2183,2186,1
2184,2187,1
2185,2188,1
2186,2189,1
2187,2190,1
2188,2191,1
2189,2192,1
2190,2193,1
2191,2194,1
2192,2195,1
2193,2196,1
2194,2197,1
2195,2198,1
2196,2199,1
2197,2200,1
2198,2201,1
2199,2202,1
2200,2203,1
2201,2204,1
2202,2205,1
2203,2206,1
2204,2207,1
2205,2208,1
2206,2209,1
2207,2210,1
2208,2211,1
2209,2212,1
2210,2213,1
2211,2214,1
2212,2215,1
2213,2216,1
2214,2217,1
2215,2218,1
2216,2219,1
2217,2220,1
2218,2221,1
2219,2222,1
2220,2223,1
2221,2224,1
2222,2225,1
2223,2226,1
2224,2227,1
2225,2228,1
2226,2229,1
2227,2230,1
2228,2231,1
2229,2232,1
2230,2233,1
2231,2234,1
2232,2235,1
2233,2236,1
2234,2237,1
2235,2238,1
2236,2239,1
2237,2240,1
2238,2241,1
2239,2242,1
2240,2243,1
2241,2244,1
2242,2245,1
2243,2246,1
2244,2247,1
2245,2248,1
2246,2249,1
2247,2250,1
2248,2251,1
2249,2252,1
2250,2253,1
2251,2254,1
2252,2255,1
2253,2256,1
2254,2257,1
2255,2258,1
2256,2259,1
2257,2260,1
2258,2261,1
2259,2262,1
2260,2263,1
2261,2264,1
2262,2265,1
2263,2266,1
2264,2267,1
2265,2268,1
2266,2269,1
2267,2270,1
2268,2271,1
2269,2272,1
2270,2273,1
2271,2274,1
2272,2275,1
2273,2276,1
2274,2277,1
2275,2278,1
2276,2279,1
2277,2280,1
2278,2281,1
2279,2282,1
2280,2283,1
2281,2284,1
2282,2285,1
2283,2286,1
2284,2287,1
2285,2288,1
2286,2289,1
2287,2290,1
2288,2291,1
2289,2292,1
2290,2293,1
2291,2294,1
2292,2295,1
2293,2296,1
2294,2297,1
2295,2298,1
2296,2299,1
2297,2300,1
2298,2301,1
2299,2302,1
2300,2303,1
2301,2304,1
2302,2305,1
2303,2306,1
2304,2307,1
2305,2308,1
2306,2309,1
2307,2310,1
2308,2311,1
2309,2312,1
2310,2313,1
2311,2314,1
2312,2315,1
2313,2316,1
2314,2317,1
2315,2318,1
2316,2319,1
2317,2320,1
2318,2321,1
2319,2322,1
2320,2323,1
2321,2324,1
2322,2325,1
2323,2326,1
2324,2327,1
2325,2328,1
2326,2329,1
2327,2330,1
2328,2331,1
2329,2332,1
2330,2333,1
2331,2334,1
2332,2335,1
2333,2336,1
2334,2337,1
2335,2338,1
2336,2339,1
2337,2340,1
2338,2341,1
2339,2342,1
2340,2343,1
2341,2344,1
2342,2345,1
2343,2346,1
2344,2347,1
2345,2348,1
2346,2349,1
2347,2350,1
2348,2351,1
2349,2352,1
2350,2353,1
2351,2354,1
2352,2355,1
2353,2356,1
2354,2357,1
2355,2358,1
2356,2359,1
2357,2360,1
2358,2361,1
2359,2362,1
2360,2363,1
2361,2364,1
2362,2365,1
2363,2366,1
2364,2367,1
2365,2368,1
2366,2369,1
2367,2370,1
2368,2371,1
2369,2372,1
2370,2373,1
2371,2374,1
2372,2375,1
2373,2376,1
2374,2377,1
2375,2378,1
2376,2379,1
2377,2380,1
2378,2381,1
2379,2382,1
2380,2383,1
2381,2384,1
2382,2385,1
2383,2386,1
2384,2387,1
2385,2388,1
2386,2389,1
2387,2390,1
2388,2391,1
2389,2392,1
2390,2393,1
2391,2394,1
2392,2395,1
2393,2396,1
2394,2397,1
2395,2398,1
2396,2399,1
2397,2400,1
2398,2401,1
2399,2402,1
2400,2403,1
2401,2404,1
2402,2405,1
2403,2406,1
2404,2407,1
2405,2408,1
2406,2409,1
2407,2410,1
2408,2411,1
2409,2412,1
2410,2413,1
2411,2414,1
2412,2415,1
2413,2416,1
2414,2417,1
2415,2418,1
2416,2419,1
2417,2420,1
2418,2421,1
2419,2422,1
2420,2423,1
2421,2424,1
2422,2425,1
2423,2426,1
2424,2427,1
2425,2428,1
2426,2429,1
2427,2430,1
2428,2431,1
2429,2432,1
2430,2433,1
2431,2434,1
2432,2435,1
2433,2436,1
2434,2437,1
2435,2438,1
2436,2439,1
2437,2440,1
2438,2441,1
2439,2442,1
2440,2443,1
2441,2444,1
2442,2445,1
2443,2446,1
2444,2447,1
2445,2448,1
2446,2449,1
2447,2450,1
2448,2451,1
2449,2452,1
2450,2453,1
2451,2454,1
2452,2455,1
2453,2456,1
2454,2457,1
2455,2458,1
2456,2459,1
2457,2460,1
2458,2461,1
2459,2462,1
2460,2463,1
2461,2464,1
2462,2465,1
2463,2466,1
2464,2467,1
2465,2468,1
2466,2469,1
2467,2470,1
2468,2471,1
2469,2472,1
2470,2473,1
2471,2474,1
2472,2475,1
2473,2476,1
2474,2477,1
2475,2478,1
2476,2479,1
2477,2480,1
2478,2481,1
2479,2482,1
2480,2483,1
2481,2484,1
2482,2485,1
2483,2486,1
2484,2487,1
2485,2488,1
2486,2489,1
2487,2490,1
2488,2491,1
2489,2492,1
2490,2493,1
2491,2494,1
2492,2495,1
2493,2496,1
2494,2497,1
2495,2498,1
2496,2499,1
2497,2500,1
2498,2501,1
2499,2502,1
2500,2503,1
2501,2504,1
2502,2505,1
2503,2506,1
2504,2507,1
2505,2508,1
2506,2509,1
2507,2510,1
2508,2511,1
2509,2512,1
2510,2513,1
2511,2514,1
2512,2515,1
2513,2516,1
2514,2517,1
2515,2518,1
2516,2519,1
2517,2520,1
2518,2521,1
2519,2522,1
2520,2523,1
2521,2524,1
2522,2525,1
2523,2526,1
2524,2527,1
2525,2528,1
2526,2529,1
2527,2530,1
2528,2531,1
2529,2532,1
2530,2533,1
2531,2534,1
2532,2535,1
2533,2536,1
2534,2537,1
2535,2538,1
2536,2539,1
2537,2540,1
2538,2541,1
2539,2542,1
2540,2543,1
2541,2544,1
2542,2545,1
2543,2546,1
2544,2547,1
2545,2548,1
2546,2549,1
2547,2550,1
2548,2551,1
2549,2552,1
2550,2553,1
2551,2554,1
2552,2555,1
2553,2556,1
2554,2557,1
2555,2558,1
2556,2559,1
2557,2560,1
2558,2561,1
2559,2562,1
2560,2563,1
2561,2564,1
2562,2565,1
2563,2566,1
2564,2567,1
2565,2568,1
2566,2569,1
2567,2570,1
2568,2571,1
2569,2572,1
2570,2573,1
2571,2574,1
2572,2575,1
2573,2576,1
2574,2577,1
2575,2578,1
2576,2579,1
2577,2580,1
2578,2581,1
2579,2582,1
2580,2583,1
2581,2584,1
2582,2585,1
2583,2586,1
2584,2587,1
2585,2588,1
2586,2589,1
2587,2590,1
2588,2591,1
2589,2592,1
2590,2593,1
2591,2594,1
2592,2595,1
2593,2596,1
2594,2597,1
2595,2598,1
2596,2599,1
2597,2600,1
2598,2601,1
2599,2602,1
2600,2603,1
2601,2604,1
2602,2605,1
2603,2606,1
2604,2607,1
2605,2608,1
2606,2609,1
2607,2610,1
2608,2611,1
2609,2612,1
2610,2613,1
2611,2614,1
2612,2615,1
2613,2616,1
2614,2617,1
2615,2618,1
2616,2619,1
2617,2620,1
2618,2621,1
2619,2622,1
2620,2623,1
2621,2624,1
2622,2625,1
2623,2626,1
2624,2627,1
2625,2628,1
2626,2629,1
2627,2630,1
2628,2631,1
2629,2632,1
2630,2633,1
2631,2634,1
2632,2635,1
2633,2636,1
2634,2637,1
2635,2638,1
2636,2639,1
2637,2640,1
2638,2641,1
2639,2642,1
2640,2643,1
2641,2644,1
2642,2645,1
2643,2646,1
2644,2647,1
2645,2648,1
2646,2649,1
2647,2650,1
2648,2651,1
2649,2652,1
2650,2653,1
2651,2654,1
2652,2655,1
2653,2656,1
2654,2657,1
2655,2658,1
2656,2659,1
2657,2660,1
2658,2661,1
2659,2662,1
2660,2663,1
2661,2664,1
2662,2665,1
2663,2666,1
2664,2667,1
2665,2668,1
2666,2669,1
2667,2670,1
2668,2671,1
2669,2672,1
2670,2673,1
2671,2674,1
2672,2675,1
2673,2676,1
2674,2677,1
2675,2678,1
2676,2679,1
2677,2680,1
2678,2681,1
2679,2682,1
2680,2683,1
2681,2684,1
2682,2685,1
2683,2686,1
2684,2687,1
2685,2688,1
2686,2689,1
2687,2690,1
2688,2691,1
2689,2692,1
2690,2693,1
2691,2694,1
2692,2695,1
2693,2696,1
2694,2697,1
2695,2698,1
2696,2699,1
2697,2700,1
2698,2701,1
2699,2702,1
2700,2703,1
2701,2704,1
2702,2705,1
2703,2706,1
2704,2707,1
2705,2708,1
2706,2709,1
2707,2710,1
2708,2711,1
2709,2712,1
2710,2713,1
2711,2714,1
2712,2715,1
2713,2716,1
2714,2717,1
2715,2718,1
2716,2719,1
2717,2720,1
2718,2721,1
2719,2722,1
2720,2723,1
2721,2724,1
2722,2725,1
2723,2726,1
2724,2727,1
2725,2728,1
2726,2729,1
2727,2730,1
2728,2731,1
2729,2732,1
2730,2733,1
2731,2734,1
2732,2735,1
2733,2736,1
2734,2737,1
2735,2738,1
2736,2739,1
2737,2740,1
2738,2741,1
2739,2742,1
2740,2743,1
2741,2744,1
2742,2745,1
2743,2746,1
2744,2747,1
2745,2748,1
2746,2749,1
2747,2750,1
2748,2751,1
2749,2752,1
2750,2753,1
2751,2754,1
2752,2755,1
2753,2756,1
2754,2757,1
2755,2758,1
2756,2759,1
2757,2760,1
2758,2761,1
2759,2762,1
2760,2763,1
2761,2764,1
2762,2765,1
2763,2766,1
2764,2767,1
2765,2768,1
2766,2769,1
2767,2770,1
2768,2771,1
2769,2772,1
2770,2773,1
2771,2774,1
2772,2775,1
2773,2776,1
2774,2777,1
2775,2778,1
2776,2779,1
2777,2780,1
2778,2781,1
2779,2782,1
2780,2783,1
2781,2784,1
2782,2785,1
2783,2786,1
2784,2787,1
2785,2788,1
2786,2789,1
2787,2790,1
2788,2791,1
2789,2792,1
2790,2793,1
2791,2794,1
2792,2795,1
2793,2796,1
2794,2797,1
2795,2798,1
2796,2799,1
2797,2800,1
2798,2801,1
2799,2802,1
2800,2803,1
2801,2804,1
2802,2805,1
2803,2806,1
2804,2807,1
2805,2808,1
2806,2809,1
2807,2810,1
2808,2811,1
2809,2812,1
2810,2813,1
2811,2814,1
2812,2815,1
2813,2816,1
2814,2817,1
2815,2818,1
2816,2819,1
2817,2820,1
2818,2821,1
2819,2822,1
2820,2823,1
2821,2824,1
2822,2825,1
2823,2826,1
2824,2827,1
2825,2828,1
2826,2829,1
2827,2830,1
2828,2831,1
2829,2832,1
2830,2833,1
2831,2834,1
2832,2835,1
2833,2836,1
2834,2837,1
2835,2838,1
2836,2839,1
2837,2840,1
2838,2841,1
2839,2842,1
2840,2843,1
2841,2844,1
2842,2845,1
2843,2846,1
2844,2847,1
2845,2848,1
2846,2849,1
2847,2850,1
2848,2851,1
2849,2852,1
2850,2853,1
2851,2854,1
2852,2855,1
2853,2856,1
2854,2857,1
2855,2858,1
2856,2859,1
2857,2860,1
2858,2861,1
2859,2862,1
2860,2863,1
2861,2864,1
2862,2865,1
2863,2866,1
2864,2867,1
2865,2868,1
2866,2869,1
2867,2870,1
2868,2871,1
2869,2872,1
2870,2873,1
2871,2874,1
2872,2875,1
2873,2876,1
2874,2877,1
2875,2878,1
2876,2879,1
2877,2880,1
2878,2881,1
2879,2882,1
2880,2883,1
2881,2884,1
2882,2885,1
2883,2886,1
2884,2887,1
2885,2888,1
2886,2889,1
2887,2890,1
2888,2891,1
2889,2892,1
2890,2893,1
2891,2894,1
2892,2895,1
2893,2896,1
2894,2897,1
2895,2898,1
2896,2899,1
2897,2900,1
2898,2901,1
2899,2902,1
2900,2903,1
2901,2904,1
2902,2905,1
2903,2906,1
2904,2907,1
2905,2908,1
2906,2909,1
2907,2910,1
2908,2911,1
2909,2912,1
2910,2913,1
2911,2914,1
2912,2915,1
2913,2916,1
2914,2917,1
2915,2918,1
2916,2919,1
2917,2920,1
2918,2921,1
2919,2922,1
2920,2923,1
2921,2924,1
2922,2925,1
2923,2926,1
2924,2927,1
2925,2928,1
2926,2929,1
2927,2930,1
2928,2931,1
2929,2932,1
2930,2933,1
2931,2934,1
2932,2935,1
2933,2936,1
2934,2937,1
2935,2938,1
2936,2939,1
2937,2940,1
2938,2941,1
2939,2942,1
2940,2943,1
2941,2944,1
2942,2945,1
2943,2946,1
2944,2947,1
2945,2948,1
2946,2949,1
2947,2950,1
2948,2951,1
2949,2952,1
2950,2953,1
2951,2954,1
2952,2955,1
2953,2956,1
2954,2957,1
2955,2958,1
2956,2959,1
2957,2960,1
2958,2961,1
2959,2962,1
2960,2963,1
2961,2964,1
2962,2965,1
2963,2966,1
2964,2967,1
2965,2968,1
2966,2969,1
2967,2970,1
2968,2971,1
2969,2972,1
2970,2973,1
2971,2974,1
2972,2975,1
2973,2976,1
2974,2977,1
2975,2978,1
2976,2979,1
2977,2980,1
2978,2981,1
2979,2982,1
2980,2983,1
2981,2984,1
2982,2985,1
2983,2986,1
2984,2987,1
2985,2988,1
2986,2989,1
2987,2990,1
2988,2991,1
2989,2992,1
2990,2993,1
2991,2994,1
2992,2995,1
2993,2996,1
2994,2997,1
2995,2998,1
2996,2999,1
2997,3000,1
2998,3001,1
2999,3002,1
3000,3003,1
3001,3004,1
3002,3005,1
3003,3006,1
3004,3007,1
3005,3008,1
3006,3009,1
3007,3010,1
3008,3011,1
3009,3012,1
3010,3013,1
3011,3014,1
3012,3015,1
3013,3016,1
3014,3017,1
3015,3018,1
3016,3019,1
3017,3020,1
3018,3021,1
3019,3022,1
3020,3023,1
3021,3024,1
3022,3025,1
3023,3026,1
3024,3027,1
3025,3028,1
3026,3029,1
3027,3030,1
3028,3031,1
3029,3032,1
3030,3033,1
3031,3034,1
3032,3035,1
3033,3036,1
3034,3037,1
3035,3038,1
3036,3039,1
3037,3040,1
3038,3041,1
3039,3042,1
3040,3043,1
3041,3044,1
3042,3045,1
3043,3046,1
3044,3047,1
3045,3048,1
3046,3049,1
3047,3050,1
3048,3051,1
3049,3052,1
3050,3053,1
3051,3054,1
3052,3055,1
3053,3056,1
3054,3057,1
3055,3058,1
3056,3059,1
3057,3060,1
3058,3061,1
3059,3062,1
3060,3063,1
3061,3064,1
3062,3065,1
3063,3066,1
3064,3067,1
3065,3068,1
3066,3069,1
3067,3070,1
3068,3071,1
3069,3072,1
3070,3073,1
3071,3074,1
3072,3075,1
3073,3076,1
3074,3077,1
3075,3078,1
3076,3079,1
3077,3080,1
3078,3081,1
3079,3082,1
3080,3083,1
3081,3084,1
3082,3085,1
3083,3086,1
3084,3087,1
3085,3088,1
3086,3089,1
3087,3090,1
3088,3091,1
3089,3092,1
3090,3093,1
3091,3094,1
3092,3095,1
3093,3096,1
3094,3097,1
3095,3098,1
3096,3099,1
3097,3100,1
3098,3101,1
3099,3102,1
3100,3103,1
3101,3104,1
3102,3105,1
3103,3106,1
3104,3107,1
3105,3108,1
3106,3109,1
3107,3110,1
3108,3111,1
3109,3112,1
3110,3113,1
3111,3114,1
3112,3115,1
3113,3116,1
3114,3117,1
3115,3118,1
3116,3119,1
3117,3120,1
3118,3121,1
3119,3122,1
3120,3123,1
3121,3124,1
3122,3125,1
3123,3126,1
3124,3127,1
3125,3128,1
3126,3129,1
3127,3130,1
3128,3131,1
3129,3132,1
3130,3133,1
3131,3134,1
3132,3135,1
3133,3136,1
3134,3137,1
3135,3138,1
3136,3139,1
3137,3140,1
3138,3141,1
3139,3142,1
3140,3143,1
3141,3144,1
3142,3145,1
3143,3146,1
3144,3147,1
3145,3148,1
3146,3149,1
3147,3150,1
3148,3151,1
3149,3152,1
3150,3153,1
3151,3154,1
3152,3155,1
3153,3156,1
3154,3157,1
3155,3158,1
3156,3159,1
3157,3160,1
3158,3161,1
3159,3162,1
3160,3163,1
3161,3164,1
3162,3165,1
3163,3166,1
3164,3167,1
3165,3168,1
3166,3169,1
3167,3170,1
3168,3171,1
3169,3172,1
3170,3173,1
3171,3174,1
3172,3175,1
3173,3176,1
3174,3177,1
3175,3178,1
3176,3179,1
3177,3180,1
3178,3181,1
3179,3182,1
3180,3183,1
3181,3184,1
3182,3185,1
3183,3186,1
3184,3187,1
3185,3188,1
3186,3189,1
3187,3190,1
3188,3191,1
3189,3192,1
3190,3193,1
3191,3194,1
3192,3195,1
3193,3196,1
3194,3197,1
3195,3198,1
3196,3199,1
3197,3200,1
3198,3201,1
3199,3202,1
3200,3203,1
3201,3204,1
3202,3205,1
3203,3206,1
3204,3207,1
3205,3208,1
3206,3209,1
3207,3210,1
3208,3211,1
3209,3212,1
3210,3213,1
3211,3214,1
3212,3215,1
3213,3216,1
3214,3217,1
3215,3218,1
3216,3219,1
3217,3220,1
3218,3221,1
3219,3222,1
3220,3223,1
3221,3224,1
3222,3225,1
3223,3226,1
3224,3227,1
3225,3228,1
3226,3229,1
3227,3230,1
3228,3231,1
3229,3232,1
3230,3233,1
3231,3234,1
3232,3235,1
3233,3236,1
3234,3237,1
3235,3238,1
3236,3239,1
3237,3240,1
3238,3241,1
3239,3242,1
3240,3243,1
3241,3244,1
3242,3245,1
3243,3246,1
3244,3247,1
3245,3248,1
3246,3249,1
3247,3250,1
3248,3251,1
3249,3252,1
3250,3253,1
3251,3254,1
3252,3255,1
3253,3256,1
3254,3257,1
3255,3258,1
3256,3259,1
3257,3260,1
3258,3261,1
3259,3262,1
3260,3263,1
3261,3264,1
3262,3265,1
3263,3266,1
3264,3267,1
3265,3268,1
3266,3269,1
3267,3270,1
3268,3271,1
3269,3272,1
3270,3273,1
3271,3274,1
3272,3275,1
3273,3276,1
3274,3277,1
3275,3278,1
3276,3279,1
3277,3280,1
3278,3281,1
3279,3282,1
3280,3283,1
3281,3284,1
3282,3285,1
3283,3286,1
3284,3287,1
3285,3288,1
3286,3289,1
3287,3290,1
3288,3291,1
3289,3292,1
3290,3293,1
3291,3294,1
3292,3295,1
3293,3296,1
3294,3297,1
3295,3298,1
3296,3299,1
3297,3300,1
3298,3301,1
3299,3302,1
3300,3303,1
3301,3304,1
3302,3305,1
3303,3306,1
3304,3307,1
3305,3308,1
3306,3309,1
3307,3310,1
3308,3311,1
3309,3312,1
3310,3313,1
3311,3314,1
3312,3315,1
3313,3316,1
3314,3317,1
3315,3318,1
3316,3319,1
3317,3320,1
3318,3321,1
3319,3322,1
3320,3323,1
3321,3324,1
3322,3325,1
3323,3326,1
3324,3327,1
3325,3328,1
3326,3329,1
3327,3330,1
3328,3331,1
3329,3332,1
3330,3333,1
3331,3334,1
3332,3335,1
3333,3336,1
3334,3337,1
3335,3338,1
3336,3339,1
3337,3340,1
3338,3341,1
3339,3342,1
3340,3343,1
3341,3344,1
3342,3345,1
3343,3346,1
3344,3347,1
3345,3348,1
3346,3349,1
3347,3350,1
3348,3351,1
3349,3352,1
3350,3353,1
3351,3354,1
3352,3355,1
3353,3356,1
3354,3357,1
3355,3358,1
3356,3359,1
3357,3360,1
3358,3361,1
3359,3362,1
3360,3363,1
3361,3364,1
3362,3365,1
3363,3366,1
3364,3367,1
3365,3368,1
3366,3369,1
3367,3370,1
3368,3371,1
3369,3372,1
3370,3373,1
3371,3374,1
3372,3375,1
3373,3376,1
3374,3377,1
3375,3378,1
3376,3379,1
3377,3380,1
3378,3381,1
3379,3382,1
3380,3383,1
3381,3384,1
3382,3385,1
3383,3386,1
3384,3387,1
3385,3388,1
3386,3389,1
3387,3390,1
3388,3391,1
3389,3392,1
3390,3393,1
3391,3394,1
3392,3395,1
3393,3396,1
3394,3397,1
3395,3398,1
3396,3399,1
3397,3400,1
3398,3401,1
3399,3402,1
3400,3403,1
3401,3404,1
3402,3405,1
3403,3406,1
3404,3407,1
3405,3408,1
3406,3409,1
3407,3410,1
3408,3411,1
3409,3412,1
3410,3413,1
3411,3414,1
3412,3415,1
3413,3416,1
3414,3417,1
3415,3418,1
3416,3419,1
3417,3420,1
3418,3421,1
3419,3422,1
3420,3423,1
3421,3424,1
3422,3425,1
3423,3426,1
3424,3427,1
3425,3428,1
3426,3429,1
3427,3430,1
3428,3431,1
3429,3432,1
3430,3433,1
3431,3434,1
3432,3435,1
3433,3436,1
3434,3437,1
3435,3438,1
3436,3439,1
3437,3440,1
3438,3441,1
3439,3442,1
3440,3443,1
3441,3444,1
3442,3445,1
3443,3446,1
3444,3447,1
3445,3448,1
3446,3449,1
3447,3450,1
3448,3451,1
3449,3452,1
3450,3453,1
3451,3454,1
3452,3455,1
3453,3456,1
3454,3457,1
3455,3458,1
3456,3459,1
3457,3460,1
3458,3461,1
3459,3462,1
3460,3463,1
3461,3464,1
3462,3465,1
3463,3466,1
3464,3467,1
3465,3468,1
3466,3469,1
3467,3470,1
3468,3471,1
3469,3472,1
3470,3473,1
3471,3474,1
3472,3475,1
3473,3476,1
3474,3477,1
3475,3478,1
3476,3479,1
3477,3480,1
3478,3481,1
3479,3482,1
3480,3483,1
3481,3484,1
3482,3485,1
3483,3486,1
3484,3487,1
3485,3488,1
3486,3489,1
3487,3490,1
3488,3491,1
3489,3492,1
3490,3493,1
3491,3494,1
3492,3495,1
3493,3496,1
3494,3497,1
3495,3498,1
3496,3499,1
3497,3500,1
3498,3501,1
3499,3502,1
3500,3503,1
3501,3504,1
3502,3505,1
3503,3506,1
3504,3507,1
3505,3508,1
3506,3509,1
3507,3510,1
3508,3511,1
3509,3512,1
3510,3513,1
3511,3514,1
3512,3515,1
3513,3516,1
3514,3517,1
3515,3518,1
3516,3519,1
3517,3520,1
3518,3521,1
3519,3522,1
3520,3523,1
3521,3524,1
3522,3525,1
3523,3526,1
3524,3527,1
3525,3528,1
3526,3529,1
3527,3530,1
3528,3531,1
3529,3532,1
3530,3533,1
3531,3534,1
3532,3535,1
3533,3536,1
3534,3537,1
3535,3538,1
3536,3539,1
3537,3540,1
3538,3541,1
3539,3542,1
3540,3543,1
3541,3544,1
3542,3545,1
3543,3546,1
3544,3547,1
3545,3548,1
3546,3549,1
3547,3550,1
3548,3551,1
3549,3552,1
3550,3553,1
3551,3554,1
3552,3555,1
3553,3556,1
3554,3557,1
3555,3558,1
3556,3559,1
3557,3560,1
3558,3561,1
3559,3562,1
3560,3563,1
3561,3564,1
3562,3565,1
3563,3566,1
3564,3567,1
3565,3568,1
3566,3569,1
3567,3570,1
3568,3571,1
3569,3572,1
3570,3573,1
3571,3574,1
3572,3575,1
3573,3576,1
3574,3577,1
3575,3578,1
3576,3579,1
3577,3580,1
3578,3581,1
3579,3582,1
3580,3583,1
3581,3584,1
3582,3585,1
3583,3586,1
3584,3587,1
3585,3588,1
3586,3589,1
3587,3590,1
3588,3591,1
3589,3592,1
3590,3593,1
3591,3594,1
3592,3595,1
3593,3596,1
3594,3597,1
3595,3598,1
3596,3599,1
3597,3600,1
3598,3601,1
3599,3602,1
3600,1,0
3601,2,0
3602,3,0
3603,4,0
3604,5,0
3605,6,0
3606,7,0
3607,8,0
3608,9,0
3609,10,0
3610,11,0
3611,12,0
3612,13,0
3613,14,0
3614,15,0
3615,16,0
3616,17,0
3617,18,0
3618,19,0
3619,20,0
3620,21,0
3621,22,0
3622,23,0
3623,24,0
3624,25,0
3625,26,0
3626,27,0
3627,28,0
3628,29,0
3629,30,0
3630,31,0
3631,32,0
3632,33,0
3633,34,0
3634,35,0
3635,36,0
3636,37,0
3637,38,0
3638,39,0
3639,40,0
3640,41,0
3641,42,0
3642,43,0
3643,44,0
3644,45,0
3645,46,0
3646,47,0
3647,48,0
3648,49,0
3649,50,0
3650,51,0
3651,52,0
3652,53,0
3653,54,0
3654,55,0
3655,56,0
3656,57,0
3657,58,0
3658,59,0
3659,60,0
3660,61,0
3661,62,0
3662,63,0
3663,64,0
3664,65,0
3665,66,0
3666,67,0
3667,68,0
3668,69,0
3669,70,0
3670,71,0
3671,72,0
3672,73,0
3673,74,0
3674,75,0
3675,76,0
3676,77,0
3677,78,0
3678,79,0
3679,80,0
3680,81,0
3681,82,0
3682,83,0
3683,84,0
3684,85,0
3685,86,0
3686,87,0
3687,88,0
3688,89,0
3689,90,0
3690,91,0
3691,92,0
3692,93,0
3693,94,0
3694,95,0
3695,96,0
3696,97,0
3697,98,0
3698,99,0
3699,100,0
3700,101,0
3701,102,0
3702,103,0
3703,104,0
3704,105,0
3705,106,0
3706,107,0
3707,108,0
3708,109,0
3709,110,0
3710,111,0
3711,112,0
3712,113,0
3713,114,0
3714,115,0
3715,116,0
3716,117,0
3717,118,0
3718,119,0
3719,120,0
3720,121,0
3721,122,0
3722,123,0
3723,124,0
3724,125,0
3725,126,0
3726,127,0
3727,128,0
3728,129,0
3729,130,0
3730,131,0
3731,132,0
3732,133,0
3733,134,0
3734,135,0
3735,136,0
3736,137,0
3737,138,0
3738,139,0
3739,140,0
3740,141,0
3741,142,0
3742,143,0
3743,144,0
3744,145,0
3745,146,0
3746,147,0
3747,148,0
3748,149,0
3749,150,0
3750,151,0
3751,152,0
3752,153,0
3753,154,0
3754,155,0
3755,156,0
3756,157,0
3757,158,0
3758,159,0
3759,160,0
3760,161,0
3761,162,0
3762,163,0
3763,164,0
3764,165,0
3765,166,0
3766,167,0
3767,168,0
3768,169,0
3769,170,0
3770,171,0
3771,172,0
3772,173,0
3773,174,0
3774,175,0
3775,176,0
3776,177,0
3777,178,0
3778,179,0
3779,180,0
3780,181,0
3781,182,0
3782,183,0
3783,184,0
3784,185,0
3785,186,0
3786,187,0
3787,188,0
3788,189,0
3789,190,0
3790,191,0
3791,192,0
3792,193,0
3793,194,0
3794,195,0
3795,196,0
3796,197,0
3797,198,0
3798,199,0
3799,200,0
3800,201,0
3801,202,0
3802,203,0
3803,204,0
3804,205,0
3805,206,0
3806,207,0
3807,208,0
3808,209,0
3809,210,0
3810,211,0
3811,212,0
3812,213,0
3813,214,0
3814,215,0
3815,216,0
3816,217,0
3817,218,0
3818,219,0
3819,220,0
3820,221,0
3821,222,0
3822,223,0
3823,224,0
3824,225,0
3825,226,0
3826,227,0
3827,228,0
3828,229,0
3829,230,0
3830,231,0
3831,232,0
3832,233,0
3833,234,0
3834,235,0
3835,236,0
3836,237,0
3837,238,0
3838,239,0
3839,240,0
3840,241,0
3841,242,0
3842,243,0
3843,244,0
3844,245,0
3845,246,0
3846,247,0
3847,248,0
3848,249,0
3849,250,0
3850,251,0
3851,252,0
3852,253,0
3853,254,0
3854,255,0
3855,256,0
3856,257,0
3857,258,0
3858,259,0
3859,260,0
3860,261,0
3861,262,0
3862,263,0
3863,264,0
3864,265,0
3865,266,0
3866,267,0
3867,268,0
3868,269,0
3869,270,0
3870,271,0
3871,272,0
3872,273,0
3873,274,0
3874,275,0
3875,276,0
3876,277,0
3877,278,0
3878,279,0
3879,280,0
3880,281,0
3881,282,0
3882,283,0
3883,284,0
3884,285,0
3885,286,0
3886,287,0
3887,288,0
3888,289,0
3889,290,0
3890,291,0
3891,292,0
3892,293,0
3893,294,0
3894,295,0
3895,296,0
3896,297,0
3897,298,0
3898,299,0
3899,300,0
3900,301,0
3901,302,0
3902,303,0
3903,304,0
3904,305,0
3905,306,0
3906,307,0
3907,308,0
3908,309,0
3909,310,0
3910,311,0
3911,312,0
3912,313,0
3913,314,0
3914,315,0
3915,316,0
3916,317,0
3917,318,0
3918,319,0
3919,320,0
3920,321,0
3921,322,0
3922,323,0
3923,324,0
3924,325,0
3925,326,0
3926,327,0
3927,328,0
3928,329,0
3929,330,0
3930,331,0
3931,332,0
3932,333,0
3933,334,0
3934,335,0
3935,336,0
3936,337,0
3937,338,0
3938,339,0
3939,340,0
3940,341,0
3941,342,0
3942,343,0
3943,344,0
3944,345,0
3945,346,0
3946,347,0
3947,348,0
3948,349,0
3949,350,0
3950,351,0
3951,352,0
3952,353,0
3953,354,0
3954,355,0
3955,356,0
3956,357,0
3957,358,0
3958,359,0
3959,360,0
3960,361,0
3961,362,0
3962,363,0
3963,364,0
3964,365,0
3965,366,0
3966,367,0
3967,368,0
3968,369,0
3969,370,0
3970,371,0
3971,372,0
3972,373,0
3973,374,0
3974,375,0
3975,376,0
3976,377,0
3977,378,0
3978,379,0
3979,380,0
3980,381,0
3981,382,0
3982,383,0
3983,384,0
3984,385,0
3985,386,0
3986,387,0
3987,388,0
3988,389,0
3989,390,0
3990,391,0
3991,392,0
3992,393,0
3993,394,0
3994,395,0
3995,396,0
3996,397,0
3997,398,0
3998,399,0
3999,400,0
4000,401,0
4001,402,0
4002,403,0
4003,404,0
4004,405,0
4005,406,0
4006,407,0
4007,408,0
4008,409,0
4009,410,0
4010,411,0
4011,412,0
4012,413,0
4013,414,0
4014,415,0
4015,416,0
4016,417,0
4017,418,0
4018,419,0
4019,420,0
4020,421,0
4021,422,0
4022,423,0
4023,424,0
4024,425,0
4025,426,0
4026,427,0
4027,428,0
4028,429,0
4029,430,0
4030,431,0
4031,432,0
4032,433,0
4033,434,0
4034,435,0
4035,436,0
4036,437,0
4037,438,0
4038,439,0
4039,440,0
4040,441,0
4041,442,0
4042,443,0
4043,444,0
4044,445,0
4045,446,0
4046,447,0
4047,448,0
4048,449,0
4049,450,0
4050,451,0
4051,452,0
4052,453,0
4053,454,0
4054,455,0
4055,456,0
4056,457,0
4057,458,0
4058,459,0
4059,460,0
4060,461,0
4061,462,0
4062,463,0
4063,464,0
4064,465,0
4065,466,0
4066,467,0
4067,468,0
4068,469,0
4069,470,0
4070,471,0
4071,472,0
4072,473,0
4073,474,0
4074,475,0
4075,476,0
4076,477,0
4077,478,0
4078,479,0
4079,480,0
4080,481,0
4081,482,0
4082,483,0
4083,484,0
4084,485,0
4085,486,0
4086,487,0
4087,488,0
4088,489,0
4089,490,0
4090,491,0
4091,492,0
4092,493,0
4093,494,0
4094,495,0
4095,496,0
4096,497,0
4097,498,0
4098,499,0
4099,500,0
4100,501,0
4101,502,0
4102,503,0
4103,504,0
4104,505,0
4105,506,0
4106,507,0
4107,508,0
4108,509,0
4109,510,0
4110,511,0
4111,512,0
4112,513,0
4113,514,0
4114,515,0
4115,516,0
4116,517,0
4117,518,0
4118,519,0
4119,520,0
4120,521,0
4121,522,0
4122,523,0
4123,524,0
4124,525,0
4125,526,0
4126,527,0
4127,528,0
4128,529,0
4129,530,0
4130,531,0
4131,532,0
4132,533,0
4133,534,0
4134,535,0
4135,536,0
4136,537,0
4137,538,0
4138,539,0
4139,540,0
4140,541,0
4141,542,0
4142,543,0
4143,544,0
4144,545,0
4145,546,0
4146,547,0
4147,548,0
4148,549,0
4149,550,0
4150,551,0
4151,552,0
4152,553,0
4153,554,0
4154,555,0
4155,556,0
4156,557,0
4157,558,0
4158,559,0
4159,560,0
4160,561,0
4161,562,0
4162,563,0
4163,564,0
4164,565,0
4165,566,0
4166,567,0
4167,568,0
4168,569,0
4169,570,0
4170,571,0
4171,572,0
4172,573,0
4173,574,0
4174,575,0
4175,576,0
4176,577,0
4177,578,0
4178,579,0
4179,580,0
4180,581,0
4181,582,0
4182,583,0
4183,584,0
4184,585,0
4185,586,0
4186,587,0
4187,588,0
4188,589,0
4189,590,0
4190,591,0
4191,592,0
4192,593,0
4193,594,0
4194,595,0
4195,596,0
4196,597,0
4197,598,0
4198,599,0
4199,600,0
4200,601,0
4201,602,0
4202,603,0
4203,604,0
4204,605,0
4205,606,0
4206,607,0
4207,608,0
4208,609,0
4209,610,0
4210,611,0
4211,612,0
4212,613,0
4213,614,0
4214,615,0
4215,616,0
4216,617,0
4217,618,0
4218,619,0
4219,620,0
4220,621,0
4221,622,0
4222,623,0
4223,624,0
4224,625,0
4225,626,0
4226,627,0
4227,628,0
4228,629,0
4229,630,0
4230,631,0
4231,632,0
4232,633,0
4233,634,0
4234,635,0
4235,636,0
4236,637,0
4237,638,0
4238,639,0
4239,640,0
4240,641,0
4241,642,0
4242,643,0
4243,644,0
4244,645,0
4245,646,0
4246,647,0
4247,648,0
4248,649,0
4249,650,0
4250,651,0
4251,652,0
4252,653,0
4253,654,0
4254,655,0
4255,656,0
4256,657,0
4257,658,0
4258,659,0
4259,660,0
4260,661,0
4261,662,0
4262,663,0
4263,664,0
4264,665,0
4265,666,0
4266,667,0
4267,668,0
4268,669,0
4269,670,0
4270,671,0
4271,672,0
4272,673,0
4273,674,0
4274,675,0
4275,676,0
4276,677,0
4277,678,0
4278,679,0
4279,680,0
4280,681,0
4281,682,0
4282,683,0
4283,684,0
4284,685,0
4285,686,0
4286,687,0
4287,688,0
4288,689,0
4289,690,0
4290,691,0
4291,692,0
4292,693,0
4293,694,0
4294,695,0
4295,696,0
4296,698,0
4297,699,0
4298,700,0
4299,701,0
4300,702,0
4301,703,0
4302,704,0
4303,705,0
4304,706,0
4305,707,0
4306,708,0
4307,709,0
4308,710,0
4309,711,0
4310,712,0
4311,713,0
4312,714,0
4313,715,0
4314,716,0
4315,717,0
4316,718,0
4317,719,0
4318,720,0
4319,721,0
4320,722,0
4321,723,0
4322,724,0
4323,725,0
4324,726,0
4325,727,0
4326,728,0
4327,729,0
4328,730,0
4329,731,0
4330,732,0
4331,733,0
4332,734,0
4333,735,0
4334,736,0
4335,737,0
4336,738,0
4337,739,0
4338,740,0
4339,741,0
4340,742,0
4341,743,0
4342,744,0
4343,745,0
4344,746,0
4345,747,0
4346,748,0
4347,749,0
4348,750,0
4349,751,0
4350,752,0
4351,753,0
4352,754,0
4353,755,0
4354,756,0
4355,757,0
4356,758,0
4357,759,0
4358,760,0
4359,761,0
4360,762,0
4361,763,0
4362,764,0
4363,765,0
4364,766,0
4365,767,0
4366,768,0
4367,769,0
4368,770,0
4369,771,0
4370,772,0
4371,773,0
4372,774,0
4373,775,0
4374,776,0
4375,777,0
4376,778,0
4377,779,0
4378,780,0
4379,781,0
4380,782,0
4381,783,0
4382,784,0
4383,785,0
4384,786,0
4385,787,0
4386,788,0
4387,789,0
4388,790,0
4389,791,0
4390,792,0
4391,793,0
4392,794,0
4393,795,0
4394,796,0
4395,797,0
4396,798,0
4397,799,0
4398,800,0
4399,801,0
4400,802,0
4401,803,0
4402,804,0
4403,805,0
4404,806,0
4405,807,0
4406,808,0
4407,809,0
4408,810,0
4409,811,0
4410,812,0
4411,813,0
4412,814,0
4413,815,0
4414,816,0
4415,817,0
4416,818,0
4417,819,0
4418,820,0
4419,821,0
4420,822,0
4421,823,0
4422,824,0
4423,825,0
4424,826,0
4425,827,0
4426,828,0
4427,829,0
4428,830,0
4429,831,0
4430,832,0
4431,833,0
4432,834,0
4433,835,0
4434,836,0
4435,837,0
4436,838,0
4437,839,0
4438,840,0
4439,841,0
4440,842,0
4441,843,0
4442,844,0
4443,845,0
4444,846,0
4445,847,0
4446,848,0
4447,849,0
4448,850,0
4449,851,0
4450,852,0
4451,853,0
4452,854,0
4453,855,0
4454,856,0
4455,857,0
4456,858,0
4457,859,0
4458,860,0
4459,861,0
4460,862,0
4461,863,0
4462,864,0
4463,865,0
4464,866,0
4465,867,0
4466,868,0
4467,869,0
4468,870,0
4469,871,0
4470,872,0
4471,873,0
4472,874,0
4473,875,0
4474,876,0
4475,877,0
4476,878,0
4477,879,0
4478,880,0
4479,881,0
4480,882,0
4481,883,0
4482,884,0
4483,885,0
4484,886,0
4485,887,0
4486,888,0
4487,889,0
4488,890,0
4489,891,0
4490,892,0
4491,893,0
4492,894,0
4493,895,0
4494,896,0
4495,897,0
4496,898,0
4497,899,0
4498,900,0
4499,901,0
4500,902,0
4501,903,0
4502,904,0
4503,905,0
4504,906,0
4505,907,0
4506,908,0
4507,909,0
4508,910,0
4509,911,0
4510,912,0
4511,913,0
4512,914,0
4513,915,0
4514,916,0
4515,917,0
4516,918,0
4517,919,0
4518,920,0
4519,921,0
4520,922,0
4521,923,0
4522,924,0
4523,925,0
4524,926,0
4525,927,0
4526,928,0
4527,929,0
4528,930,0
4529,931,0
4530,932,0
4531,933,0
4532,934,0
4533,935,0
4534,936,0
4535,937,0
4536,938,0
4537,939,0
4538,940,0
4539,941,0
4540,942,0
4541,943,0
4542,944,0
4543,945,0
4544,946,0
4545,947,0
4546,948,0
4547,949,0
4548,950,0
4549,951,0
4550,952,0
4551,953,0
4552,954,0
4553,955,0
4554,956,0
4555,957,0
4556,958,0
4557,959,0
4558,960,0
4559,961,0
4560,962,0
4561,963,0
4562,964,0
4563,965,0
4564,966,0
4565,967,0
4566,968,0
4567,969,0
4568,970,0
4569,971,0
4570,972,0
4571,973,0
4572,974,0
4573,975,0
4574,976,0
4575,977,0
4576,978,0
4577,979,0
4578,980,0
4579,981,0
4580,982,0
4581,983,0
4582,984,0
4583,985,0
4584,986,0
4585,987,0
4586,988,0
4587,989,0
4588,990,0
4589,991,0
4590,992,0
4591,993,0
4592,994,0
4593,995,0
4594,996,0
4595,997,0
4596,998,0
4597,999,0
4598,1000,0
4599,1001,0
4600,1002,0
4601,1003,0
4602,1004,0
4603,1005,0
4604,1006,0
4605,1007,0
4606,1008,0
4607,1009,0
4608,1010,0
4609,1011,0
4610,1012,0
4611,1013,0
4612,1014,0
4613,1015,0
4614,1016,0
4615,1017,0
4616,1018,0
4617,1019,0
4618,1020,0
4619,1021,0
4620,1022,0
4621,1023,0
4622,1024,0
4623,1025,0
4624,1026,0
4625,1027,0
4626,1028,0
4627,1029,0
4628,1030,0
4629,1031,0
4630,1032,0
4631,1033,0
4632,1034,0
4633,1035,0
4634,1036,0
4635,1037,0
4636,1038,0
4637,1039,0
4638,1040,0
4639,1041,0
4640,1042,0
4641,1043,0
4642,1044,0
4643,1045,0
4644,1046,0
4645,1047,0
4646,1048,0
4647,1049,0
4648,1050,0
4649,1051,0
4650,1052,0
4651,1053,0
4652,1054,0
4653,1055,0
4654,1056,0
4655,1057,0
4656,1058,0
4657,1059,0
4658,1060,0
4659,1061,0
4660,1062,0
4661,1063,0
4662,1064,0
4663,1065,0
4664,1066,0
4665,1067,0
4666,1068,0
4667,1069,0
4668,1070,0
4669,1071,0
4670,1072,0
4671,1073,0
4672,1074,0
4673,1075,0
4674,1076,0
4675,1077,0
4676,1078,0
4677,1079,0
4678,1080,0
4679,1081,0
4680,1082,0
4681,1083,0
4682,1084,0
4683,1085,0
4684,1086,0
4685,1087,0
4686,1088,0
4687,1089,0
4688,1090,0
4689,1091,0
4690,1092,0
4691,1093,0
4692,1094,0
4693,1095,0
4694,1096,0
4695,1097,0
4696,1098,0
4697,1099,0
4698,1100,0
4699,1101,0
4700,1102,0
4701,1103,0
4702,1104,0
4703,1105,0
4704,1106,0
4705,1107,0
4706,1108,0
4707,1109,0
4708,1110,0
4709,1111,0
4710,1112,0
4711,1113,0
4712,1114,0
4713,1115,0
4714,1116,0
4715,1117,0
4716,1118,0
4717,1119,0
4718,1120,0
4719,1121,0
4720,1122,0
4721,1123,0
4722,1124,0
4723,1125,0
4724,1126,0
4725,1127,0
4726,1128,0
4727,1129,0
4728,1130,0
4729,1131,0
4730,1132,0
4731,1133,0
4732,1134,0
4733,1135,0
4734,1136,0
4735,1137,0
4736,1138,0
4737,1139,0
4738,1140,0
4739,1141,0
4740,1142,0
4741,1143,0
4742,1144,0
4743,1145,0
4744,1146,0
4745,1147,0
4746,1148,0
4747,1149,0
4748,1150,0
4749,1151,0
4750,1152,0
4751,1153,0
4752,1154,0
4753,1155,0
4754,1156,0
4755,1157,0
4756,1158,0
4757,1159,0
4758,1160,0
4759,1161,0
4760,1162,0
4761,1163,0
4762,1164,0
4763,1165,0
4764,1166,0
4765,1167,0
4766,1168,0
4767,1169,0
4768,1170,0
4769,1171,0
4770,1172,0
4771,1173,0
4772,1174,0
4773,1175,0
4774,1176,0
4775,1177,0
4776,1178,0
4777,1179,0
4778,1180,0
4779,1181,0
4780,1182,0
4781,1183,0
4782,1184,0
4783,1185,0
4784,1186,0
4785,1187,0
4786,1188,0
4787,1189,0
4788,1190,0
4789,1191,0
4790,1192,0
4791,1193,0
4792,1194,0
4793,1195,0
4794,1196,0
4795,1197,0
4796,1198,0
4797,1199,0
4798,1200,0
4799,1201,0
4800,1202,0
4801,1203,0
4802,1204,0
4803,1205,0
4804,1206,0
4805,1207,0
4806,1208,0
4807,1209,0
4808,1210,0
4809,1211,0
4810,1212,0
4811,1213,0
4812,1214,0
4813,1215,0
4814,1216,0
4815,1217,0
4816,1218,0
4817,1219,0
4818,1220,0
4819,1221,0
4820,1222,0
4821,1223,0
4822,1224,0
4823,1225,0
4824,1226,0
4825,1227,0
4826,1228,0
4827,1229,0
4828,1230,0
4829,1231,0
4830,1232,0
4831,1233,0
4832,1234,0
4833,1235,0
4834,1236,0
4835,1237,0
4836,1238,0
4837,1239,0
4838,1240,0
4839,1241,0
4840,1242,0
4841,1243,0
4842,1244,0
4843,1245,0
4844,1246,0
4845,1247,0
4846,1248,0
4847,1249,0
4848,1250,0
4849,1251,0
4850,1252,0
4851,1253,0
4852,1254,0
4853,1255,0
4854,1256,0
4855,1257,0
4856,1258,0
4857,1259,0
4858,1260,0
4859,1261,0
4860,1262,0
4861,1263,0
4862,1264,0
4863,1265,0
4864,1266,0
4865,1267,0
4866,1268,0
4867,1269,0
4868,1270,0
4869,1271,0
4870,1272,0
4871,1273,0
4872,1274,0
4873,1275,0
4874,1276,0
4875,1277,0
4876,1278,0
4877,1279,0
4878,1280,0
4879,1281,0
4880,1282,0
4881,1283,0
4882,1284,0
4883,1285,0
4884,1286,0
4885,1287,0
4886,1288,0
4887,1289,0
4888,1290,0
4889,1291,0
4890,1292,0
4891,1293,0
4892,1294,0
4893,1295,0
4894,1296,0
4895,1297,0
4896,1298,0
4897,1299,0
4898,1300,0
4899,1301,0
4900,1302,0
4901,1303,0
4902,1304,0
4903,1305,0
4904,1306,0
4905,1307,0
4906,1308,0
4907,1309,0
4908,1310,0
4909,1311,0
4910,1312,0
4911,1313,0
4912,1314,0
4913,1315,0
4914,1316,0
4915,1317,0
4916,1318,0
4917,1319,0
4918,1320,0
4919,1321,0
4920,1322,0
4921,1323,0
4922,1324,0
4923,1325,0
4924,1326,0
4925,1327,0
4926,1328,0
4927,1329,0
4928,1330,0
4929,1331,0
4930,1332,0
4931,1333,0
4932,1334,0
4933,1335,0
4934,1336,0
4935,1337,0
4936,1338,0
4937,1339,0
4938,1340,0
4939,1341,0
4940,1342,0
4941,1343,0
4942,1344,0
4943,1345,0
4944,1346,0
4945,1347,0
4946,1348,0
4947,1349,0
4948,1350,0
4949,1351,0
4950,1352,0
4951,1353,0
4952,1354,0
4953,1355,0
4954,1356,0
4955,1357,0
4956,1358,0
4957,1359,0
4958,1360,0
4959,1361,0
4960,1362,0
4961,1363,0
4962,1364,0
4963,1365,0
4964,1366,0
4965,1367,0
4966,1368,0
4967,1369,0
4968,1370,0
4969,1371,0
4970,1372,0
4971,1373,0
4972,1374,0
4973,1375,0
4974,1376,0
4975,1377,0
4976,1378,0
4977,1379,0
4978,1380,0
4979,1381,0
4980,1382,0
4981,1383,0
4982,1384,0
4983,1385,0
4984,1386,0
4985,1387,0
4986,1388,0
4987,1389,0
4988,1390,0
4989,1391,0
4990,1392,0
4991,1393,0
4992,1394,0
4993,1395,0
4994,1396,0
4995,1397,0
4996,1398,0
4997,1399,0
4998,1400,0
4999,1401,0
5000,1402,0
5001,1403,0
5002,1404,0
5003,1405,0
5004,1406,0
5005,1407,0
5006,1408,0
5007,1409,0
5008,1410,0
5009,1411,0
5010,1412,0
5011,1413,0
5012,1414,0
5013,1415,0
5014,1416,0
5015,1417,0
5016,1418,0
5017,1419,0
5018,1420,0
5019,1421,0
5020,1422,0
5021,1423,0
5022,1424,0
5023,1425,0
5024,1426,0
5025,1427,0
5026,1428,0
5027,1429,0
5028,1430,0
5029,1431,0
5030,1432,0
5031,1433,0
5032,1434,0
5033,1435,0
5034,1436,0
5035,1437,0
5036,1438,0
5037,1439,0
5038,1440,0
5039,1441,0
5040,1442,0
5041,1443,0
5042,1444,0
5043,1445,0
5044,1446,0
5045,1447,0
5046,1448,0
5047,1449,0
5048,1450,0
5049,1451,0
5050,1452,0
5051,1453,0
5052,1454,0
5053,1455,0
5054,1456,0
5055,1457,0
5056,1458,0
5057,1459,0
5058,1460,0
5059,1461,0
5060,1462,0
5061,1463,0
5062,1464,0
5063,1465,0
5064,1466,0
5065,1467,0
5066,1469,0
5067,1470,0
5068,1471,0
5069,1472,0
5070,1473,0
5071,1474,0
5072,1475,0
5073,1476,0
5074,1477,0
5075,1478,0
5076,1479,0
5077,1480,0
5078,1481,0
5079,1482,0
5080,1483,0
5081,1484,0
5082,1485,0
5083,1486,0
5084,1487,0
5085,1488,0
5086,1489,0
5087,1490,0
5088,1491,0
5089,1492,0
5090,1493,0
5091,1494,0
5092,1495,0
5093,1496,0
5094,1497,0
5095,1498,0
5096,1499,0
5097,1500,0
5098,1501,0
5099,1502,0
5100,1503,0
5101,1504,0
5102,1505,0
5103,1506,0
5104,1507,0
5105,1508,0
5106,1509,0
5107,1510,0
5108,1511,0
5109,1512,0
5110,1513,0
5111,1514,0
5112,1515,0
5113,1516,0
5114,1517,0
5115,1518,0
5116,1519,0
5117,1520,0
5118,1521,0
5119,1522,0
5120,1523,0
5121,1524,0
5122,1525,0
5123,1526,0
5124,1527,0
5125,1528,0
5126,1529,0
5127,1530,0
5128,1531,0
5129,1532,0
5130,1533,0
5131,1534,0
5132,1535,0
5133,1536,0
5134,1537,0
5135,1538,0
5136,1539,0
5137,1540,0
5138,1541,0
5139,1542,0
5140,1543,0
5141,1544,0
5142,1545,0
5143,1546,0
5144,1547,0
5145,1548,0
5146,1549,0
5147,1550,0
5148,1551,0
5149,1552,0
5150,1553,0
5151,1554,0
5152,1555,0
5153,1556,0
5154,1557,0
5155,1558,0
5156,1559,0
5157,1560,0
5158,1561,0
5159,1562,0
5160,1563,0
5161,1564,0
5162,1565,0
5163,1566,0
5164,1567,0
5165,1568,0
5166,1569,0
5167,1570,0
5168,1571,0
5169,1572,0
5170,1573,0
5171,1574,0
5172,1575,0
5173,1576,0
5174,1577,0
5175,1578,0
5176,1579,0
5177,1580,0
5178,1581,0
5179,1582,0
5180,1583,0
5181,1584,0
5182,1585,0
5183,1586,0
5184,1587,0
5185,1588,0
5186,1589,0
5187,1590,0
5188,1591,0
5189,1592,0
5190,1593,0
5191,1594,0
5192,1595,0
5193,1596,0
5194,1597,0
5195,1598,0
5196,1599,0
5197,1600,0
5198,1601,0
5199,1602,0
5200,1603,0
5201,1604,0
5202,1605,0
5203,1606,0
5204,1607,0
5205,1608,0
5206,1609,0
5207,1610,0
5208,1611,0
5209,1612,0
5210,1613,0
5211,1614,0
5212,1615,0
5213,1616,0
5214,1617,0
5215,1618,0
5216,1619,0
5217,1620,0
5218,1621,0
5219,1622,0
5220,1623,0
5221,1624,0
5222,1625,0
5223,1626,0
5224,1627,0
5225,1628,0
5226,1629,0
5227,1630,0
5228,1631,0
5229,1632,0
5230,1633,0
5231,1634,0
5232,1635,0
5233,1636,0
5234,1637,0
5235,1638,0
5236,1639,0
5237,1640,0
5238,1641,0
5239,1642,0
5240,1643,0
5241,1644,0
5242,1645,0
5243,1646,0
5244,1647,0
5245,1648,0
5246,1649,0
5247,1650,0
5248,1651,0
5249,1652,0
5250,1653,0
5251,1654,0
5252,1655,0
5253,1656,0
5254,1657,0
5255,1658,0
5256,1659,0
5257,1660,0
5258,1661,0
5259,1662,0
5260,1663,0
5261,1664,0
5262,1665,0
5263,1666,0
5264,1667,0
5265,1668,0
5266,1669,0
5267,1670,0
5268,1671,0
5269,1672,0
5270,1673,0
5271,1674,0
5272,1675,0
5273,1676,0
5274,1677,0
5275,1678,0
5276,1679,0
5277,1680,0
5278,1681,0
5279,1682,0
5280,1683,0
5281,1684,0
5282,1685,0
5283,1686,0
5284,1687,0
5285,1688,0
5286,1689,0
5287,1690,0
5288,1691,0
5289,1692,0
5290,1693,0
5291,1694,0
5292,1695,0
5293,1696,0
5294,1697,0
5295,1698,0
5296,1699,0
5297,1700,0
5298,1701,0
5299,1702,0
5300,1703,0
5301,1704,0
5302,1705,0
5303,1706,0
5304,1707,0
5305,1708,0
5306,1709,0
5307,1710,0
5308,1711,0
5309,1712,0
5310,1713,0
5311,1714,0
5312,1715,0
5313,1716,0
5314,1717,0
5315,1718,0
5316,1719,0
5317,1720,0
5318,1721,0
5319,1722,0
5320,1723,0
5321,1724,0
5322,1725,0
5323,1726,0
5324,1727,0
5325,1728,0
5326,1729,0
5327,1730,0
5328,1731,0
5329,1732,0
5330,1733,0
5331,1734,0
5332,1735,0
5333,1736,0
5334,1737,0
5335,1738,0
5336,1739,0
5337,1740,0
5338,1741,0
5339,1742,0
5340,1743,0
5341,1744,0
5342,1745,0
5343,1746,0
5344,1747,0
5345,1748,0
5346,1749,0
5347,1750,0
5348,1751,0
5349,1752,0
5350,1753,0
5351,1754,0
5352,1755,0
5353,1756,0
5354,1757,0
5355,1758,0
5356,1759,0
5357,1760,0
5358,1761,0
5359,1762,0
5360,1763,0
5361,1764,0
5362,1765,0
5363,1766,0
5364,1767,0
5365,1768,0
5366,1769,0
5367,1770,0
5368,1771,0
5369,1772,0
5370,1773,0
5371,1774,0
5372,1775,0
5373,1776,0
5374,1777,0
5375,1778,0
5376,1779,0
5377,1780,0
5378,1781,0
5379,1782,0
5380,1783,0
5381,1784,0
5382,1785,0
5383,1786,0
5384,1787,0
5385,1788,0
5386,1789,0
5387,1790,0
5388,1791,0
5389,1792,0
5390,1793,0
5391,1794,0
5392,1795,0
5393,1796,0
5394,1797,0
5395,1798,0
5396,1799,0
5397,1800,0
5398,1801,0
5399,1802,0
5400,1803,0
5401,1804,0
5402,1805,0
5403,1806,0
5404,1807,0
5405,1808,0
5406,1809,0
5407,1810,0
5408,1811,0
5409,1812,0
5410,1813,0
5411,1814,0
5412,1815,0
5413,1816,0
5414,1817,0
5415,1818,0
5416,1819,0
5417,1820,0
5418,1821,0
5419,1822,0
5420,1823,0
5421,1824,0
5422,1825,0
5423,1826,0
5424,1827,0
5425,1828,0
5426,1829,0
5427,1830,0
5428,1831,0
5429,1832,0
5430,1833,0
5431,1834,0
5432,1835,0
5433,1836,0
5434,1837,0
5435,1838,0
5436,1839,0
5437,1840,0
5438,1841,0
5439,1842,0
5440,1843,0
5441,1844,0
5442,1845,0
5443,1846,0
5444,1847,0
5445,1848,0
5446,1849,0
5447,1850,0
5448,1851,0
5449,1852,0
5450,1853,0
5451,1854,0
5452,1855,0
5453,1856,0
5454,1857,0
5455,1858,0
5456,1859,0
5457,1860,0
5458,1861,0
5459,1862,0
5460,1863,0
5461,1864,0
5462,1865,0
5463,1866,0
5464,1867,0
5465,1868,0
5466,1869,0
5467,1870,0
5468,1871,0
5469,1872,0
5470,1873,0
5471,1874,0
5472,1875,0
5473,1876,0
5474,1877,0
5475,1878,0
5476,1879,0
5477,1880,0
5478,1881,0
5479,1882,0
5480,1883,0
5481,1884,0
5482,1885,0
5483,1886,0
5484,1887,0
5485,1888,0
5486,1889,0
5487,1890,0
5488,1891,0
5489,1892,0
5490,1893,0
5491,1894,0
5492,1895,0
5493,1896,0
5494,1897,0
5495,1898,0
5496,1899,0
5497,1900,0
5498,1901,0
5499,1902,0
5500,1903,0
5501,1904,0
5502,1905,0
5503,1906,0
5504,1907,0
5505,1908,0
5506,1909,0
5507,1910,0
5508,1911,0
5509,1912,0
5510,1913,0
5511,1914,0
5512,1915,0
5513,1916,0
5514,1917,0
5515,1918,0
5516,1919,0
5517,1920,0
5518,1921,0
5519,1922,0
5520,1923,0
5521,1924,0
5522,1925,0
5523,1926,0
5524,1927,0
5525,1928,0
5526,1929,0
5527,1930,0
5528,1931,0
5529,1932,0
5530,1933,0
5531,1934,0
5532,1935,0
5533,1936,0
5534,1937,0
5535,1938,0
5536,1939,0
5537,1940,0
5538,1941,0
5539,1942,0
5540,1943,0
5541,1944,0
5542,1945,0
5543,1946,0
5544,1947,0
5545,1948,0
5546,1949,0
5547,1950,0
5548,1951,0
5549,1952,0
5550,1953,0
5551,1954,0
5552,1955,0
5553,1956,0
5554,1957,0
5555,1958,0
5556,1959,0
5557,1960,0
5558,1961,0
5559,1962,0
5560,1963,0
5561,1964,0
5562,1965,0
5563,1966,0
5564,1967,0
5565,1968,0
5566,1969,0
5567,1970,0
5568,1971,0
5569,1972,0
5570,1973,0
5571,1974,0
5572,1975,0
5573,1976,0
5574,1977,0
5575,1978,0
5576,1979,0
5577,1980,0
5578,1981,0
5579,1982,0
5580,1983,0
5581,1984,0
5582,1985,0
5583,1986,0
5584,1987,0
5585,1988,0
5586,1989,0
5587,1990,0
5588,1991,0
5589,1992,0
5590,1993,0
5591,1994,0
5592,1995,0
5593,1996,0
5594,1997,0
5595,1998,0
5596,1999,0
5597,2000,0
5598,2001,0
5599,2002,0
5600,2003,0
5601,2004,0
5602,2005,0
5603,2006,0
5604,2007,0
5605,2008,0
5606,2009,0
5607,2010,0
5608,2011,0
5609,2012,0
5610,2013,0
5611,2014,0
5612,2015,0
5613,2016,0
5614,2017,0
5615,2018,0
5616,2019,0
5617,2020,0
5618,2021,0
5619,2022,0
5620,2023,0
5621,2024,0
5622,2025,0
5623,2026,0
5624,2027,0
5625,2028,0
5626,2029,0
5627,2030,0
5628,2031,0
5629,2032,0
5630,2033,0
5631,2034,0
5632,2035,0
5633,2036,0
5634,2037,0
5635,2038,0
5636,2039,0
5637,2040,0
5638,2041,0
5639,2042,0
5640,2043,0
5641,2044,0
5642,2045,0
5643,2046,0
5644,2047,0
5645,2048,0
5646,2049,0
5647,2050,0
5648,2051,0
5649,2052,0
5650,2053,0
5651,2054,0
5652,2055,0
5653,2056,0
5654,2057,0
5655,2058,0
5656,2059,0
5657,2060,0
5658,2061,0
5659,2062,0
5660,2063,0
5661,2064,0
5662,2065,0
5663,2066,0
5664,2067,0
5665,2068,0
5666,2069,0
5667,2070,0
5668,2071,0
5669,2072,0
5670,2073,0
5671,2074,0
5672,2075,0
5673,2076,0
5674,2077,0
5675,2078,0
5676,2079,0
5677,2080,0
5678,2081,0
5679,2082,0
5680,2083,0
5681,2084,0
5682,2085,0
5683,2086,0
5684,2087,0
5685,2088,0
5686,2089,0
5687,2090,0
5688,2091,0
5689,2092,0
5690,2093,0
5691,2094,0
5692,2095,0
5693,2096,0
5694,2097,0
5695,2098,0
5696,2099,0
5697,2100,0
5698,2101,0
5699,2102,0
5700,2103,0
5701,2104,0
5702,2105,0
5703,2106,0
5704,2107,0
5705,2108,0
5706,2109,0
5707,2110,0
5708,2111,0
5709,2112,0
5710,2113,0
5711,2114,0
5712,2115,0
5713,2116,0
5714,2117,0
5715,2118,0
5716,2119,0
5717,2120,0
5718,2121,0
5719,2122,0
5720,2123,0
5721,2124,0
5722,2125,0
5723,2126,0
5724,2127,0
5725,2128,0
5726,2129,0
5727,2130,0
5728,2131,0
5729,2132,0
5730,2133,0
5731,2134,0
5732,2135,0
5733,2136,0
5734,2137,0
5735,2138,0
5736,2139,0
5737,2140,0
5738,2141,0
5739,2142,0
5740,2143,0
5741,2144,0
5742,2145,0
5743,2146,0
5744,2147,0
5745,2148,0
5746,2149,0
5747,2150,0
5748,2151,0
5749,2152,0
5750,2153,0
5751,2154,0
5752,2155,0
5753,2156,0
5754,2157,0
5755,2158,0
5756,2159,0
5757,2160,0
5758,2161,0
5759,2162,0
5760,2163,0
5761,2164,0
5762,2165,0
5763,2166,0
5764,2167,0
5765,2168,0
5766,2169,0
5767,2170,0
5768,2171,0
5769,2172,0
5770,2173,0
5771,2174,0
5772,2175,0
5773,2176,0
5774,2177,0
5775,2178,0
5776,2179,0
5777,2180,0
5778,2181,0
5779,2182,0
5780,2183,0
5781,2184,0
5782,2185,0
5783,2186,0
5784,2187,0
5785,2188,0
5786,2189,0
5787,2190,0
5788,2191,0
5789,2192,0
5790,2193,0
5791,2194,0
5792,2195,0
5793,2196,0
5794,2197,0
5795,2198,0
5796,2199,0
5797,2200,0
5798,2201,0
5799,2202,0
5800,2203,0
5801,2204,0
5802,2205,0
5803,2206,0
5804,2207,0
5805,2208,0
5806,2209,0
5807,2210,0
5808,2211,0
5809,2212,0
5810,2213,0
5811,2214,0
5812,2215,0
5813,2216,0
5814,2217,0
5815,2218,0
5816,2219,0
5817,2220,0
5818,2221,0
5819,2222,0
5820,2223,0
5821,2224,0
5822,2225,0
5823,2226,0
5824,2227,0
5825,2228,0
5826,2229,0
5827,2230,0
5828,2231,0
5829,2232,0
5830,2233,0
5831,2234,0
5832,2235,0
5833,2236,0
5834,2237,0
5835,2238,0
5836,2239,0
5837,2240,0
5838,2241,0
5839,2242,0
5840,2243,0
5841,2244,0
5842,2245,0
5843,2246,0
5844,2247,0
5845,2248,0
5846,2249,0
5847,2250,0
5848,2251,0
5849,2252,0
5850,2253,0
5851,2254,0
5852,2255,0
5853,2256,0
5854,2257,0
5855,2258,0
5856,2259,0
5857,2260,0
5858,2261,0
5859,2262,0
5860,2263,0
5861,2264,0
5862,2265,0
5863,2266,0
5864,2267,0
5865,2268,0
5866,2269,0
5867,2270,0
5868,2271,0
5869,2272,0
5870,2273,0
5871,2274,0
5872,2275,0
5873,2276,0
5874,2277,0
5875,2278,0
5876,2279,0
5877,2280,0
5878,2281,0
5879,2282,0
5880,2283,0
5881,2284,0
5882,2285,0
5883,2286,0
5884,2287,0
5885,2288,0
5886,2289,0
5887,2290,0
5888,2291,0
5889,2292,0
5890,2293,0
5891,2294,0
5892,2295,0
5893,2296,0
5894,2297,0
5895,2298,0
5896,2299,0
5897,2300,0
5898,2301,0
5899,2302,0
5900,2303,0
5901,2304,0
5902,2305,0
5903,2306,0
5904,2307,0
5905,2308,0
5906,2309,0
5907,2310,0
5908,2311,0
5909,2312,0
5910,2313,0
5911,2314,0
5912,2315,0
5913,2316,0
5914,2317,0
5915,2318,0
5916,2319,0
5917,2320,0
5918,2321,0
5919,2322,0
5920,2323,0
5921,2324,0
5922,2325,0
5923,2326,0
5924,2327,0
5925,2328,0
5926,2329,0
5927,2330,0
5928,2331,0
5929,2332,0
5930,2333,0
5931,2334,0
5932,2335,0
5933,2336,0
5934,2337,0
5935,2338,0
5936,2339,0
5937,2340,0
5938,2341,0
5939,2342,0
5940,2343,0
5941,2344,0
5942,2345,0
5943,2346,0
5944,2347,0
5945,2348,0
5946,2349,0
5947,2350,0
5948,2351,0
5949,2352,0
5950,2353,0
5951,2354,0
5952,2355,0
5953,2356,0
5954,2357,0
5955,2358,0
5956,2359,0
5957,2360,0
5958,2361,0
5959,2362,0
5960,2363,0
5961,2364,0
5962,2365,0
5963,2366,0
5964,2367,0
5965,2368,0
5966,2369,0
5967,2370,0
5968,2371,0
5969,2372,0
5970,2373,0
5971,2374,0
5972,2375,0
5973,2376,0
5974,2377,0
5975,2378,0
5976,2379,0
5977,2380,0
5978,2381,0
5979,2382,0
5980,2383,0
5981,2384,0
5982,2385,0
5983,2386,0
5984,2387,0
5985,2388,0
5986,2389,0
5987,2390,0
5988,2391,0
5989,2392,0
5990,2393,0
5991,2394,0
5992,2395,0
5993,2396,0
5994,2397,0
5995,2398,0
5996,2399,0
5997,2400,0
5998,2401,0
5999,2402,0
6000,2403,0
6001,2404,0
6002,2405,0
6003,2406,0
6004,2407,0
6005,2408,0
6006,2409,0
6007,2410,0
6008,2411,0
6009,2412,0
6010,2413,0
6011,2414,0
6012,2415,0
6013,2416,0
6014,2417,0
6015,2418,0
6016,2419,0
6017,2420,0
6018,2421,0
6019,2422,0
6020,2423,0
6021,2424,0
6022,2425,0
6023,2426,0
6024,2427,0
6025,2428,0
6026,2429,0
6027,2430,0
6028,2431,0
6029,2432,0
6030,2433,0
6031,2434,0
6032,2435,0
6033,2436,0
6034,2437,0
6035,2438,0
6036,2439,0
6037,2440,0
6038,2441,0
6039,2442,0
6040,2443,0
6041,2444,0
6042,2445,0
6043,2446,0
6044,2447,0
6045,2448,0
6046,2449,0
6047,2450,0
6048,2451,0
6049,2452,0
6050,2453,0
6051,2454,0
6052,2455,0
6053,2456,0
6054,2457,0
6055,2458,0
6056,2459,0
6057,2460,0
6058,2461,0
6059,2462,0
6060,2463,0
6061,2464,0
6062,2465,0
6063,2466,0
6064,2467,0
6065,2468,0
6066,2469,0
6067,2470,0
6068,2471,0
6069,2472,0
6070,2473,0
6071,2474,0
6072,2475,0
6073,2476,0
6074,2477,0
6075,2478,0
6076,2479,0
6077,2480,0
6078,2481,0
6079,2482,0
6080,2483,0
6081,2484,0
6082,2485,0
6083,2486,0
6084,2487,0
6085,2488,0
6086,2489,0
6087,2490,0
6088,2491,0
6089,2492,0
6090,2493,0
6091,2494,0
6092,2495,0
6093,2496,0
6094,2497,0
6095,2498,0
6096,2499,0
6097,2500,0
6098,2501,0
6099,2502,0
6100,2503,0
6101,2504,0
6102,2505,0
6103,2506,0
6104,2507,0
6105,2508,0
6106,2509,0
6107,2510,0
6108,2511,0
6109,2512,0
6110,2513,0
6111,2514,0
6112,2515,0
6113,2516,0
6114,2517,0
6115,2518,0
6116,2519,0
6117,2520,0
6118,2521,0
6119,2522,0
6120,2523,0
6121,2524,0
6122,2525,0
6123,2526,0
6124,2527,0
6125,2528,0
6126,2529,0
6127,2530,0
6128,2531,0
6129,2532,0
6130,2533,0
6131,2534,0
6132,2535,0
6133,2536,0
6134,2537,0
6135,2538,0
6136,2539,0
6137,2540,0
6138,2541,0
6139,2542,0
6140,2543,0
6141,2544,0
6142,2545,0
6143,2546,0
6144,2547,0
6145,2548,0
6146,2549,0
6147,2550,0
6148,2551,0
6149,2552,0
6150,2553,0
6151,2554,0
6152,2555,0
6153,2556,0
6154,2557,0
6155,2558,0
6156,2559,0
6157,2560,0
6158,2561,0
6159,2562,0
6160,2563,0
6161,2564,0
6162,2565,0
6163,2566,0
6164,2567,0
6165,2568,0
6166,2569,0
6167,2570,0
6168,2571,0
6169,2572,0
6170,2573,0
6171,2574,0
6172,2575,0
6173,2576,0
6174,2577,0
6175,2578,0
6176,2579,0
6177,2580,0
6178,2581,0
6179,2582,0
6180,2583,0
6181,2584,0
6182,2585,0
6183,2586,0
6184,2587,0
6185,2588,0
6186,2589,0
6187,2590,0
6188,2591,0
6189,2592,0
6190,2593,0
6191,2594,0
6192,2595,0
6193,2596,0
6194,2597,0
6195,2598,0
6196,2599,0
6197,2600,0
6198,2601,0
6199,2602,0
6200,2603,0
6201,2604,0
6202,2605,0
6203,2606,0
6204,2607,0
6205,2608,0
6206,2609,0
6207,2610,0
6208,2611,0
6209,2612,0
6210,2613,0
6211,2614,0
6212,2615,0
6213,2616,0
6214,2617,0
6215,2618,0
6216,2619,0
6217,2620,0
6218,2621,0
6219,2622,0
6220,2623,0
6221,2624,0
6222,2625,0
6223,2626,0
6224,2627,0
6225,2628,0
6226,2629,0
6227,2630,0
6228,2631,0
6229,2632,0
6230,2633,0
6231,2634,0
6232,2635,0
6233,2636,0
6234,2637,0
6235,2638,0
6236,2639,0
6237,2640,0
6238,2641,0
6239,2642,0
6240,2643,0
6241,2644,0
6242,2645,0
6243,2646,0
6244,2647,0
6245,2648,0
6246,2649,0
6247,2650,0
6248,2651,0
6249,2652,0
6250,2653,0
6251,2654,0
6252,2655,0
6253,2656,0
6254,2657,0
6255,2658,0
6256,2659,0
6257,2660,0
6258,2661,0
6259,2662,0
6260,2663,0
6261,2664,0
6262,2665,0
6263,2666,0
6264,2667,0
6265,2668,0
6266,2669,0
6267,2670,0
6268,2671,0
6269,2672,0
6270,2673,0
6271,2674,0
6272,2675,0
6273,2676,0
6274,2677,0
6275,2678,0
6276,2679,0
6277,2680,0
6278,2681,0
6279,2682,0
6280,2683,0
6281,2684,0
6282,2685,0
6283,2686,0
6284,2687,0
6285,2688,0
6286,2689,0
6287,2690,0
6288,2691,0
6289,2692,0
6290,2693,0
6291,2694,0
6292,2695,0
6293,2696,0
6294,2697,0
6295,2698,0
6296,2699,0
6297,2700,0
6298,2701,0
6299,2702,0
6300,2703,0
6301,2704,0
6302,2705,0
6303,2706,0
6304,2707,0
6305,2708,0
6306,2709,0
6307,2710,0
6308,2711,0
6309,2712,0
6310,2713,0
6311,2714,0
6312,2715,0
6313,2716,0
6314,2717,0
6315,2718,0
6316,2719,0
6317,2720,0
6318,2721,0
6319,2722,0
6320,2723,0
6321,2724,0
6322,2725,0
6323,2726,0
6324,2727,0
6325,2728,0
6326,2729,0
6327,2730,0
6328,2731,0
6329,2732,0
6330,2733,0
6331,2734,0
6332,2735,0
6333,2736,0
6334,2737,0
6335,2738,0
6336,2739,0
6337,2740,0
6338,2741,0
6339,2742,0
6340,2743,0
6341,2744,0
6342,2745,0
6343,2746,0
6344,2747,0
6345,2748,0
6346,2749,0
6347,2750,0
6348,2751,0
6349,2752,0
6350,2753,0
6351,2754,0
6352,2755,0
6353,2756,0
6354,2757,0
6355,2758,0
6356,2759,0
6357,2760,0
6358,2761,0
6359,2762,0
6360,2763,0
6361,2764,0
6362,2765,0
6363,2766,0
6364,2767,0
6365,2768,0
6366,2769,0
6367,2770,0
6368,2771,0
6369,2772,0
6370,2773,0
6371,2774,0
6372,2775,0
6373,2776,0
6374,2777,0
6375,2778,0
6376,2779,0
6377,2780,0
6378,2781,0
6379,2782,0
6380,2783,0
6381,2784,0
6382,2785,0
6383,2786,0
6384,2787,0
6385,2788,0
6386,2789,0
6387,2790,0
6388,2791,0
6389,2792,0
6390,2793,0
6391,2794,0
6392,2795,0
6393,2796,0
6394,2797,0
6395,2798,0
6396,2799,0
6397,2800,0
6398,2801,0
6399,2802,0
6400,2803,0
6401,2804,0
6402,2805,0
6403,2806,0
6404,2807,0
6405,2808,0
6406,2809,0
6407,2810,0
6408,2811,0
6409,2812,0
6410,2813,0
6411,2814,0
6412,2815,0
6413,2816,0
6414,2817,0
6415,2818,0
6416,2819,0
6417,2820,0
6418,2821,0
6419,2822,0
6420,2823,0
6421,2824,0
6422,2825,0
6423,2826,0
6424,2827,0
6425,2828,0
6426,2829,0
6427,2830,0
6428,2831,0
6429,2832,0
6430,2833,0
6431,2834,0
6432,2835,0
6433,2836,0
6434,2837,0
6435,2838,0
6436,2839,0
6437,2840,0
6438,2841,0
6439,2842,0
6440,2843,0
6441,2844,0
6442,2845,0
6443,2846,0
6444,2847,0
6445,2848,0
6446,2849,0
6447,2850,0
6448,2851,0
6449,2852,0
6450,2853,0
6451,2854,0
6452,2855,0
6453,2856,0
6454,2857,0
6455,2858,0
6456,2859,0
6457,2860,0
6458,2861,0
6459,2862,0
6460,2863,0
6461,2864,0
6462,2865,0
6463,2866,0
6464,2867,0
6465,2868,0
6466,2869,0
6467,2870,0
6468,2871,0
6469,2872,0
6470,2873,0
6471,2874,0
6472,2875,0
6473,2876,0
6474,2877,0
6475,2878,0
6476,2879,0
6477,2880,0
6478,2881,0
6479,2882,0
6480,2883,0
6481,2884,0
6482,2885,0
6483,2886,0
6484,2887,0
6485,2888,0
6486,2889,0
6487,2890,0
6488,2891,0
6489,2892,0
6490,2893,0
6491,2894,0
6492,2895,0
6493,2896,0
6494,2897,0
6495,2898,0
6496,2899,0
6497,2900,0
6498,2901,0
6499,2902,0
6500,2903,0
6501,2904,0
6502,2905,0
6503,2906,0
6504,2907,0
6505,2908,0
6506,2909,0
6507,2910,0
6508,2911,0
6509,2912,0
6510,2913,0
6511,2914,0
6512,2915,0
6513,2916,0
6514,2917,0
6515,2918,0
6516,2919,0
6517,2920,0
6518,2921,0
6519,2922,0
6520,2923,0
6521,2924,0
6522,2925,0
6523,2926,0
6524,2927,0
6525,2928,0
6526,2929,0
6527,2930,0
6528,2931,0
6529,2932,0
6530,2933,0
6531,2934,0
6532,2935,0
6533,2936,0
6534,2937,0
6535,2938,0
6536,2939,0
6537,2940,0
6538,2941,0
6539,2942,0
6540,2943,0
6541,2944,0
6542,2945,0
6543,2946,0
6544,2947,0
6545,2948,0
6546,2949,0
6547,2950,0
6548,2951,0
6549,2952,0
6550,2953,0
6551,2954,0
6552,2955,0
6553,2956,0
6554,2957,0
6555,2958,0
6556,2959,0
6557,2960,0
6558,2961,0
6559,2962,0
6560,2963,0
6561,2964,0
6562,2965,0
6563,2966,0
6564,2967,0
6565,2968,0
6566,2969,0
6567,2970,0
6568,2971,0
6569,2972,0
6570,2973,0
6571,2974,0
6572,2975,0
6573,2976,0
6574,2977,0
6575,2978,0
6576,2979,0
6577,2980,0
6578,2981,0
6579,2982,0
6580,2983,0
6581,2984,0
6582,2985,0
6583,2986,0
6584,2987,0
6585,2988,0
6586,2989,0
6587,2990,0
6588,2991,0
6589,2992,0
6590,2993,0
6591,2994,0
6592,2995,0
6593,2996,0
6594,2997,0
6595,2998,0
6596,2999,0
6597,3000,0
6598,3001,0
6599,3002,0
6600,3003,0
6601,3004,0
6602,3005,0
6603,3006,0
6604,3007,0
6605,3008,0
6606,3009,0
6607,3010,0
6608,3011,0
6609,3012,0
6610,3013,0
6611,3014,0
6612,3015,0
6613,3016,0
6614,3017,0
6615,3018,0
6616,3019,0
6617,3020,0
6618,3021,0
6619,3022,0
6620,3023,0
6621,3024,0
6622,3025,0
6623,3026,0
6624,3027,0
6625,3028,0
6626,3029,0
6627,3030,0
6628,3031,0
6629,3032,0
6630,3033,0
6631,3034,0
6632,3035,0
6633,3036,0
6634,3037,0
6635,3038,0
6636,3039,0
6637,3040,0
6638,3041,0
6639,3042,0
6640,3043,0
6641,3044,0
6642,3045,0
6643,3046,0
6644,3047,0
6645,3048,0
6646,3049,0
6647,3050,0
6648,3051,0
6649,3052,0
6650,3053,0
6651,3054,0
6652,3055,0
6653,3056,0
6654,3057,0
6655,3058,0
6656,3059,0
6657,3060,0
6658,3061,0
6659,3062,0
6660,3063,0
6661,3064,0
6662,3065,0
6663,3066,0
6664,3067,0
6665,3068,0
6666,3069,0
6667,3070,0
6668,3071,0
6669,3072,0
6670,3073,0
6671,3074,0
6672,3075,0
6673,3076,0
6674,3077,0
6675,3078,0
6676,3079,0
6677,3080,0
6678,3081,0
6679,3082,0
6680,3083,0
6681,3084,0
6682,3085,0
6683,3086,0
6684,3087,0
6685,3088,0
6686,3089,0
6687,3090,0
6688,3091,0
6689,3092,0
6690,3093,0
6691,3094,0
6692,3095,0
6693,3096,0
6694,3097,0
6695,3098,0
6696,3099,0
6697,3100,0
6698,3101,0
6699,3102,0
6700,3103,0
6701,3104,0
6702,3105,0
6703,3106,0
6704,3107,0
6705,3108,0
6706,3109,0
6707,3110,0
6708,3111,0
6709,3112,0
6710,3113,0
6711,3114,0
6712,3115,0
6713,3116,0
6714,3117,0
6715,3118,0
6716,3119,0
6717,3120,0
6718,3121,0
6719,3122,0
6720,3123,0
6721,3124,0
6722,3125,0
6723,3126,0
6724,3127,0
6725,3128,0
6726,3129,0
6727,3130,0
6728,3131,0
6729,3132,0
6730,3133,0
6731,3134,0
6732,3135,0
6733,3136,0
6734,3137,0
6735,3138,0
6736,3139,0
6737,3140,0
6738,3141,0
6739,3142,0
6740,3143,0
6741,3144,0
6742,3145,0
6743,3146,0
6744,3147,0
6745,3148,0
6746,3149,0
6747,3150,0
6748,3151,0
6749,3152,0
6750,3153,0
6751,3154,0
6752,3155,0
6753,3156,0
6754,3157,0
6755,3158,0
6756,3159,0
6757,3160,0
6758,3161,0
6759,3162,0
6760,3163,0
6761,3164,0
6762,3165,0
6763,3166,0
6764,3167,0
6765,3168,0
6766,3169,0
6767,3170,0
6768,3171,0
6769,3172,0
6770,3173,0
6771,3174,0
6772,3175,0
6773,3176,0
6774,3177,0
6775,3178,0
6776,3179,0
6777,3180,0
6778,3181,0
6779,3182,0
6780,3183,0
6781,3184,0
6782,3185,0
6783,3186,0
6784,3187,0
6785,3188,0
6786,3189,0
6787,3190,0
6788,3191,0
6789,3192,0
6790,3193,0
6791,3194,0
6792,3195,0
6793,3196,0
6794,3197,0
6795,3198,0
6796,3199,0
6797,3200,0
6798,3201,0
6799,3202,0
6800,3203,0
6801,3204,0
6802,3205,0
6803,3206,0
6804,3207,0
6805,3208,0
6806,3209,0
6807,3210,0
6808,3211,0
6809,3212,0
6810,3213,0
6811,3214,0
6812,3215,0
6813,3216,0
6814,3217,0
6815,3218,0
6816,3219,0
6817,3220,0
6818,3221,0
6819,3222,0
6820,3223,0
6821,3224,0
6822,3225,0
6823,3226,0
6824,3227,0
6825,3228,0
6826,3229,0
6827,3230,0
6828,3231,0
6829,3232,0
6830,3233,0
6831,3234,0
6832,3235,0
6833,3236,0
6834,3237,0
6835,3238,0
6836,3239,0
6837,3240,0
6838,3241,0
6839,3242,0
6840,3243,0
6841,3244,0
6842,3245,0
6843,3246,0
6844,3247,0
6845,3248,0
6846,3249,0
6847,3250,0
6848,3251,0
6849,3252,0
6850,3253,0
6851,3254,0
6852,3255,0
6853,3256,0
6854,3257,0
6855,3258,0
6856,3259,0
6857,3260,0
6858,3261,0
6859,3262,0
6860,3263,0
6861,3264,0
6862,3265,0
6863,3266,0
6864,3267,0
6865,3268,0
6866,3269,0
6867,3270,0
6868,3271,0
6869,3272,0
6870,3273,0
6871,3274,0
6872,3275,0
6873,3276,0
6874,3277,0
6875,3278,0
6876,3279,0
6877,3280,0
6878,3281,0
6879,3282,0
6880,3283,0
6881,3284,0
6882,3285,0
6883,3286,0
6884,3287,0
6885,3288,0
6886,3289,0
6887,3290,0
6888,3291,0
6889,3292,0
6890,3293,0
6891,3294,0
6892,3295,0
6893,3296,0
6894,3297,0
6895,3298,0
6896,3299,0
6897,3300,0
6898,3301,0
6899,3302,0
6900,3303,0
6901,3304,0
6902,3305,0
6903,3306,0
6904,3307,0
6905,3308,0
6906,3309,0
6907,3310,0
6908,3311,0
6909,3312,0
6910,3313,0
6911,3314,0
6912,3315,0
6913,3316,0
6914,3317,0
6915,3318,0
6916,3319,0
6917,3320,0
6918,3321,0
6919,3322,0
6920,3323,0
6921,3324,0
6922,3325,0
6923,3326,0
6924,3327,0
6925,3328,0
6926,3329,0
6927,3330,0
6928,3331,0
6929,3332,0
6930,3333,0
6931,3334,0
6932,3335,0
6933,3336,0
6934,3337,0
6935,3338,0
6936,3339,0
6937,3340,0
6938,3341,0
6939,3342,0
6940,3343,0
6941,3344,0
6942,3345,0
6943,3346,0
6944,3347,0
6945,3348,0
6946,3349,0
6947,3350,0
6948,3351,0
6949,3352,0
6950,3353,0
6951,3354,0
6952,3355,0
6953,3356,0
6954,3357,0
6955,3358,0
6956,3359,0
6957,3360,0
6958,3361,0
6959,3362,0
6960,3363,0
6961,3364,0
6962,3365,0
6963,3366,0
6964,3367,0
6965,3368,0
6966,3369,0
6967,3370,0
6968,3371,0
6969,3372,0
6970,3373,0
6971,3374,0
6972,3375,0
6973,3376,0
6974,3377,0
6975,3378,0
6976,3379,0
6977,3380,0
6978,3381,0
6979,3382,0
6980,3383,0
6981,3384,0
6982,3385,0
6983,3386,0
6984,3387,0
6985,3388,0
6986,3389,0
6987,3390,0
6988,3391,0
6989,3392,0
6990,3393,0
6991,3394,0
6992,3395,0
6993,3396,0
6994,3397,0
6995,3398,0
6996,3399,0
6997,3400,0
6998,3401,0
6999,3402,0
7000,3403,0
7001,3404,0
7002,3405,0
7003,3406,0
7004,3407,0
7005,3408,0
7006,3409,0
7007,3410,0
7008,3411,0
7009,3412,0
7010,3413,0
7011,3414,0
7012,3415,0
7013,3416,0
7014,3417,0
7015,3418,0
7016,3419,0
7017,3420,0
7018,3421,0
7019,3422,0
7020,3423,0
7021,3424,0
7022,3425,0
7023,3426,0
7024,3427,0
7025,3428,0
7026,3429,0
7027,3430,0
7028,3431,0
7029,3432,0
7030,3433,0
7031,3434,0
7032,3435,0
7033,3436,0
7034,3437,0
7035,3438,0
7036,3439,0
7037,3440,0
7038,3441,0
7039,3442,0
7040,3443,0
7041,3444,0
7042,3445,0
7043,3446,0
7044,3447,0
7045,3448,0
7046,3449,0
7047,3450,0
7048,3451,0
7049,3452,0
7050,3453,0
7051,3454,0
7052,3455,0
7053,3456,0
7054,3457,0
7055,3458,0
7056,3459,0
7057,3460,0
7058,3461,0
7059,3462,0
7060,3463,0
7061,3464,0
7062,3465,0
7063,3466,0
7064,3467,0
7065,3468,0
7066,3469,0
7067,3470,0
7068,3471,0
7069,3472,0
7070,3473,0
7071,3474,0
7072,3475,0
7073,3476,0
7074,3477,0
7075,3478,0
7076,3479,0
7077,3480,0
7078,3481,0
7079,3482,0
7080,3483,0
7081,3484,0
7082,3485,0
7083,3486,0
7084,3487,0
7085,3488,0
7086,3489,0
7087,3490,0
7088,3491,0
7089,3492,0
7090,3493,0
7091,3494,0
7092,3495,0
7093,3496,0
7094,3497,0
7095,3498,0
7096,3499,0
7097,3500,0
7098,3501,0
7099,3502,0
7100,3503,0
7101,3504,0
7102,3505,0
7103,3506,0
7104,3507,0
7105,3508,0
7106,3509,0
7107,3510,0
7108,3511,0
7109,3512,0
7110,3513,0
7111,3514,0
7112,3515,0
7113,3516,0
7114,3517,0
7115,3518,0
7116,3519,0
7117,3520,0
7118,3521,0
7119,3522,0
7120,3523,0
7121,3524,0
7122,3525,0
7123,3526,0
7124,3527,0
7125,3528,0
7126,3529,0
7127,3530,0
7128,3531,0
7129,3532,0
7130,3533,0
7131,3534,0
7132,3535,0
7133,3536,0
7134,3537,0
7135,3538,0
7136,3539,0
7137,3540,0
7138,3541,0
7139,3542,0
7140,3543,0
7141,3544,0
7142,3545,0
7143,3546,0
7144,3547,0
7145,3548,0
7146,3549,0
7147,3550,0
7148,3551,0
7149,3552,0
7150,3553,0
7151,3554,0
7152,3555,0
7153,3556,0
7154,3557,0
7155,3558,0
7156,3559,0
7157,3560,0
7158,3561,0
7159,3562,0
7160,3563,0
7161,3564,0
7162,3565,0
7163,3566,0
7164,3567,0
7165,3568,0
7166,3569,0
7167,3570,0
7168,3571,0
7169,3572,0
7170,3573,0
7171,3574,0
7172,3575,0
7173,3576,0
7174,3577,0
7175,3578,0
7176,3579,0
7177,3580,0
7178,3581,0
7179,3582,0
7180,3583,0
7181,3584,0
7182,3585,0
7183,3586,0
7184,3587,0
7185,3588,0
7186,3589,0
7187,3590,0
7188,3591,0
7189,3592,0
7190,3593,0
7191,3594,0
7192,3595,0
7193,3596,0
7194,3597,0
7195,3598,0
7196,3599,0
7197,3600,0
7198,3601,0
7199,3602,0
